date,industry_code,industry_name,employed_thousands,employed_yoy_change_thousands,employed_yoy_change_pct,rank_by_employment,growth_category,is_latest_year,is_focus_industry
1995-01-01,H,Accommodation & Food Services,675.7,,,4,Stable,0,0
1996-01-01,H,Accommodation & Food Services,672.3,-3.4,-0.5,5,Stable,0,0
1997-01-01,H,Accommodation & Food Services,694.6,22.3,3.31,5,Growing,0,0
1998-01-01,H,Accommodation & Food Services,719.4,24.8,3.57,5,Growing,0,0
1999-01-01,H,Accommodation & Food Services,736.2,16.8,2.34,4,Growing,0,0
2000-01-01,H,Accommodation & Food Services,756.3,20.1,2.73,4,Growing,0,0
2001-01-01,H,Accommodation & Food Services,797.6,41.2,5.45,4,Growing,0,0
2002-01-01,H,Accommodation & Food Services,775.6,-22.0,-2.76,4,Shrinking,0,0
2003-01-01,H,Accommodation & Food Services,788.4,12.8,1.65,4,Stable,0,0
2004-01-01,H,Accommodation & Food Services,811.2,22.8,2.9,4,Growing,0,0
2005-01-01,H,Accommodation & Food Services,845.8,34.7,4.27,4,Growing,0,0
2006-01-01,H,Accommodation & Food Services,831.8,-14.0,-1.66,5,Stable,0,0
2007-01-01,H,Accommodation & Food Services,859.8,28.0,3.37,6,Growing,0,0
2008-01-01,H,Accommodation & Food Services,854.7,-5.2,-0.6,6,Stable,0,0
2011-01-01,H,Accommodation & Food Services,911.3,56.6,6.63,6,Growing,0,0
2012-01-01,H,Accommodation & Food Services,931.2,19.9,2.18,5,Growing,0,0
2013-01-01,H,Accommodation & Food Services,971.8,40.6,4.36,5,Growing,0,0
2014-01-01,H,Accommodation & Food Services,946.7,-25.1,-2.58,6,Shrinking,0,0
2015-01-01,H,Accommodation & Food Services,993.4,46.7,4.93,4,Growing,0,0
2016-01-01,H,Accommodation & Food Services,1033.0,39.6,3.99,4,Growing,0,0
2017-01-01,H,Accommodation & Food Services,1033.7,0.7,0.07,5,Stable,0,0
2018-01-01,H,Accommodation & Food Services,1107.7,74.0,7.15,5,Growing,0,0
2019-01-01,H,Accommodation & Food Services,1096.2,-11.5,-1.04,5,Stable,0,0
2020-01-01,H,Accommodation & Food Services,1101.7,5.5,0.5,5,Stable,0,0
2021-01-01,H,Accommodation & Food Services,1082.7,-19.0,-1.72,6,Stable,0,0
2022-01-01,H,Accommodation & Food Services,1140.2,57.5,5.31,5,Growing,1,0
1995-01-01,N,Administrative & Support Services,308.5,,,14,Stable,0,0
1996-01-01,N,Administrative & Support Services,314.4,5.9,1.92,14,Stable,0,0
1997-01-01,N,Administrative & Support Services,325.0,10.6,3.36,14,Growing,0,0
1998-01-01,N,Administrative & Support Services,336.3,11.3,3.49,14,Growing,0,0
1999-01-01,N,Administrative & Support Services,393.1,56.8,16.9,13,Growing,0,0
2000-01-01,N,Administrative & Support Services,459.0,65.9,16.76,12,Growing,0,0
2001-01-01,N,Administrative & Support Services,513.0,54.0,11.77,10,Growing,0,0
2002-01-01,N,Administrative & Support Services,557.1,44.0,8.58,9,Growing,0,0
2003-01-01,N,Administrative & Support Services,579.2,22.1,3.97,9,Growing,0,0
2004-01-01,N,Administrative & Support Services,627.2,48.0,8.28,9,Growing,0,0
2005-01-01,N,Administrative & Support Services,655.1,27.9,4.45,9,Growing,0,0
2006-01-01,N,Administrative & Support Services,674.6,19.5,2.97,9,Growing,0,0
2007-01-01,N,Administrative & Support Services,728.6,54.1,8.01,8,Growing,0,0
2008-01-01,N,Administrative & Support Services,767.8,39.2,5.38,8,Growing,0,0
2011-01-01,N,Administrative & Support Services,778.0,10.2,1.32,8,Stable,0,0
2012-01-01,N,Administrative & Support Services,813.9,35.9,4.62,8,Growing,0,0
2013-01-01,N,Administrative & Support Services,825.3,11.4,1.4,8,Stable,0,0
2014-01-01,N,Administrative & Support Services,837.7,12.4,1.5,8,Stable,0,0
2015-01-01,N,Administrative & Support Services,838.8,1.1,0.13,8,Stable,0,0
2016-01-01,N,Administrative & Support Services,872.9,34.1,4.07,7,Growing,0,0
2017-01-01,N,Administrative & Support Services,873.6,0.7,0.08,7,Stable,0,0
2018-01-01,N,Administrative & Support Services,953.1,79.5,9.1,7,Growing,0,0
2019-01-01,N,Administrative & Support Services,954.6,1.5,0.15,7,Stable,0,0
2020-01-01,N,Administrative & Support Services,957.8,3.2,0.34,7,Stable,0,0
2021-01-01,N,Administrative & Support Services,933.1,-24.7,-2.58,7,Shrinking,0,0
2022-01-01,N,Administrative & Support Services,992.7,59.6,6.39,7,Growing,1,0
1995-01-01,A,"Agriculture, Forestry & Fishing",543.9,,,7,Stable,0,0
1996-01-01,A,"Agriculture, Forestry & Fishing",581.2,37.3,6.87,6,Growing,0,0
1997-01-01,A,"Agriculture, Forestry & Fishing",526.0,-55.2,-9.5,8,Shrinking,0,0
1998-01-01,A,"Agriculture, Forestry & Fishing",500.8,-25.2,-4.79,9,Shrinking,0,0
1999-01-01,A,"Agriculture, Forestry & Fishing",509.5,8.7,1.74,9,Stable,0,0
2000-01-01,A,"Agriculture, Forestry & Fishing",537.5,28.0,5.49,9,Growing,0,0
2001-01-01,A,"Agriculture, Forestry & Fishing",543.1,5.6,1.05,9,Stable,0,0
2002-01-01,A,"Agriculture, Forestry & Fishing",548.6,5.5,1.01,10,Stable,0,0
2003-01-01,A,"Agriculture, Forestry & Fishing",555.4,6.8,1.24,10,Stable,0,0
2004-01-01,A,"Agriculture, Forestry & Fishing",556.5,1.1,0.21,10,Stable,0,0
2005-01-01,A,"Agriculture, Forestry & Fishing",555.6,-1.0,-0.17,10,Stable,0,0
2006-01-01,A,"Agriculture, Forestry & Fishing",525.2,-30.3,-5.46,11,Shrinking,0,0
2007-01-01,A,"Agriculture, Forestry & Fishing",507.5,-17.8,-3.38,12,Shrinking,0,0
2008-01-01,A,"Agriculture, Forestry & Fishing",505.8,-1.7,-0.33,12,Stable,0,0
2011-01-01,A,"Agriculture, Forestry & Fishing",491.5,-14.3,-2.83,12,Shrinking,0,0
2012-01-01,A,"Agriculture, Forestry & Fishing",490.6,-0.8,-0.17,12,Stable,0,0
2013-01-01,A,"Agriculture, Forestry & Fishing",488.4,-2.3,-0.46,12,Stable,0,0
2014-01-01,A,"Agriculture, Forestry & Fishing",498.8,10.4,2.13,13,Growing,0,0
2015-01-01,A,"Agriculture, Forestry & Fishing",485.9,-12.9,-2.58,13,Shrinking,0,0
2016-01-01,A,"Agriculture, Forestry & Fishing",486.7,0.8,0.17,13,Stable,0,0
2017-01-01,A,"Agriculture, Forestry & Fishing",490.2,3.4,0.71,13,Stable,0,0
2018-01-01,A,"Agriculture, Forestry & Fishing",468.0,-22.1,-4.52,13,Shrinking,0,0
2019-01-01,A,"Agriculture, Forestry & Fishing",454.7,-13.3,-2.85,14,Shrinking,0,0
2020-01-01,A,"Agriculture, Forestry & Fishing",435.7,-19.0,-4.18,14,Shrinking,0,0
2021-01-01,A,"Agriculture, Forestry & Fishing",448.6,12.9,2.97,14,Growing,0,0
2022-01-01,A,"Agriculture, Forestry & Fishing",474.5,25.9,5.77,14,Growing,1,0
1995-01-01,R,Arts & Recreation Services,160.2,,,16,Stable,0,0
1996-01-01,R,Arts & Recreation Services,174.7,14.5,9.03,16,Growing,0,0
1997-01-01,R,Arts & Recreation Services,164.7,-10.0,-5.7,16,Shrinking,0,0
1998-01-01,R,Arts & Recreation Services,190.9,26.2,15.89,15,Growing,0,0
1999-01-01,R,Arts & Recreation Services,192.9,2.0,1.03,15,Stable,0,0
2000-01-01,R,Arts & Recreation Services,194.8,1.9,1.0,15,Stable,0,0
2001-01-01,R,Arts & Recreation Services,193.6,-1.2,-0.59,15,Stable,0,0
2002-01-01,R,Arts & Recreation Services,190.3,-3.4,-1.73,15,Stable,0,0
2003-01-01,R,Arts & Recreation Services,191.2,0.9,0.5,16,Stable,0,0
2004-01-01,R,Arts & Recreation Services,192.9,1.6,0.86,16,Stable,0,0
2005-01-01,R,Arts & Recreation Services,194.6,1.7,0.9,16,Stable,0,0
2006-01-01,R,Arts & Recreation Services,194.0,-0.6,-0.31,16,Stable,0,0
2007-01-01,R,Arts & Recreation Services,200.6,6.6,3.42,16,Growing,0,0
2008-01-01,R,Arts & Recreation Services,198.2,-2.4,-1.2,16,Stable,0,0
2011-01-01,R,Arts & Recreation Services,212.7,14.5,7.3,16,Growing,0,0
2012-01-01,R,Arts & Recreation Services,210.8,-1.9,-0.87,16,Stable,0,0
2013-01-01,R,Arts & Recreation Services,211.1,0.3,0.12,16,Stable,0,0
2014-01-01,R,Arts & Recreation Services,219.5,8.4,3.98,16,Growing,0,0
2015-01-01,R,Arts & Recreation Services,227.1,7.6,3.45,16,Growing,0,0
2016-01-01,R,Arts & Recreation Services,216.5,-10.6,-4.66,16,Shrinking,0,0
2017-01-01,R,Arts & Recreation Services,218.6,2.1,0.98,16,Stable,0,0
2018-01-01,R,Arts & Recreation Services,227.7,9.1,4.16,16,Growing,0,0
2019-01-01,R,Arts & Recreation Services,239.3,11.6,5.11,16,Growing,0,0
2020-01-01,R,Arts & Recreation Services,241.4,2.1,0.87,16,Stable,0,0
2021-01-01,R,Arts & Recreation Services,221.4,-20.0,-8.29,16,Shrinking,0,0
2022-01-01,R,Arts & Recreation Services,230.8,9.4,4.27,16,Growing,1,0
1995-01-01,E,Construction,523.8,,,8,Stable,0,1
1996-01-01,E,Construction,520.2,-3.6,-0.69,8,Stable,0,1
1997-01-01,E,Construction,537.0,16.9,3.24,7,Growing,0,1
1998-01-01,E,Construction,544.7,7.7,1.43,7,Stable,0,1
1999-01-01,E,Construction,581.1,36.4,6.68,6,Growing,0,1
2000-01-01,E,Construction,610.8,29.7,5.11,6,Growing,0,1
2001-01-01,E,Construction,627.8,16.9,2.77,7,Growing,0,1
2002-01-01,E,Construction,611.3,-16.5,-2.62,8,Shrinking,0,1
2003-01-01,E,Construction,700.6,89.3,14.62,7,Growing,0,1
2004-01-01,E,Construction,756.8,56.2,8.02,6,Growing,0,1
2005-01-01,E,Construction,791.6,34.7,4.59,6,Growing,0,1
2006-01-01,E,Construction,828.0,36.4,4.6,6,Growing,0,1
2007-01-01,E,Construction,918.8,90.8,10.97,4,Growing,0,1
2008-01-01,E,Construction,991.3,72.5,7.89,4,Growing,0,1
2011-01-01,E,Construction,1053.1,61.7,6.23,3,Growing,0,1
2012-01-01,E,Construction,1074.1,21.0,1.99,3,Stable,0,1
2013-01-01,E,Construction,1030.2,-43.9,-4.09,3,Shrinking,0,1
2014-01-01,E,Construction,1028.2,-1.9,-0.19,3,Stable,0,1
2015-01-01,E,Construction,1089.5,61.3,5.96,3,Growing,0,1
2016-01-01,E,Construction,1118.4,28.9,2.65,3,Growing,0,1
2017-01-01,E,Construction,1088.2,-30.2,-2.7,3,Shrinking,0,1
2018-01-01,E,Construction,1126.8,38.6,3.55,4,Growing,0,1
2019-01-01,E,Construction,1175.4,48.6,4.31,4,Growing,0,1
2020-01-01,E,Construction,1157.6,-17.8,-1.52,4,Stable,0,1
2021-01-01,E,Construction,1179.4,21.9,1.89,4,Stable,0,1
2022-01-01,E,Construction,1272.7,93.2,7.91,4,Growing,1,1
1995-01-01,P,Education & Training,668.7,,,5,Stable,0,0
1996-01-01,P,Education & Training,707.4,38.7,5.79,4,Growing,0,0
1997-01-01,P,Education & Training,722.9,15.5,2.2,4,Growing,0,0
1998-01-01,P,Education & Training,735.3,12.4,1.71,4,Stable,0,0
1999-01-01,P,Education & Training,731.0,-4.3,-0.59,5,Stable,0,0
2000-01-01,P,Education & Training,744.5,13.5,1.85,5,Stable,0,0
2001-01-01,P,Education & Training,744.5,0.1,0.01,5,Stable,0,0
2002-01-01,P,Education & Training,748.8,4.3,0.58,5,Stable,0,0
2003-01-01,P,Education & Training,747.2,-1.6,-0.22,5,Stable,0,0
2004-01-01,P,Education & Training,747.9,0.7,0.09,7,Stable,0,0
2005-01-01,P,Education & Training,768.0,20.1,2.68,7,Growing,0,0
2006-01-01,P,Education & Training,793.9,25.9,3.37,7,Growing,0,0
2007-01-01,P,Education & Training,787.1,-6.7,-0.85,7,Stable,0,0
2008-01-01,P,Education & Training,786.5,-0.6,-0.08,7,Stable,0,0
2011-01-01,P,Education & Training,904.0,117.5,14.94,7,Growing,0,0
2012-01-01,P,Education & Training,897.2,-6.8,-0.75,7,Stable,0,0
2013-01-01,P,Education & Training,915.9,18.7,2.09,6,Growing,0,0
2014-01-01,P,Education & Training,949.0,33.0,3.61,5,Growing,0,0
2015-01-01,P,Education & Training,969.8,20.9,2.2,6,Growing,0,0
2016-01-01,P,Education & Training,992.1,22.3,2.29,6,Growing,0,0
2017-01-01,P,Education & Training,1032.0,39.9,4.02,6,Growing,0,0
2018-01-01,P,Education & Training,1076.8,44.8,4.34,6,Growing,0,0
2019-01-01,P,Education & Training,1088.5,11.8,1.09,6,Stable,0,0
2020-01-01,P,Education & Training,1098.2,9.6,0.89,6,Stable,0,0
2021-01-01,P,Education & Training,1095.7,-2.4,-0.22,5,Stable,0,0
2022-01-01,P,Education & Training,1112.5,16.7,1.53,6,Stable,1,0
1995-01-01,D,"Electricity, Gas, Water & Waste",101.2,,,18,Stable,0,0
1996-01-01,D,"Electricity, Gas, Water & Waste",95.4,-5.9,-5.79,19,Shrinking,0,0
1997-01-01,D,"Electricity, Gas, Water & Waste",83.8,-11.6,-12.14,19,Shrinking,0,0
1998-01-01,D,"Electricity, Gas, Water & Waste",87.0,3.2,3.86,19,Growing,0,0
1999-01-01,D,"Electricity, Gas, Water & Waste",86.0,-1.0,-1.12,19,Stable,0,0
2000-01-01,D,"Electricity, Gas, Water & Waste",88.3,2.3,2.64,18,Growing,0,0
2001-01-01,D,"Electricity, Gas, Water & Waste",87.9,-0.4,-0.49,18,Stable,0,0
2002-01-01,D,"Electricity, Gas, Water & Waste",87.1,-0.8,-0.88,18,Stable,0,0
2003-01-01,D,"Electricity, Gas, Water & Waste",89.8,2.7,3.1,18,Growing,0,0
2004-01-01,D,"Electricity, Gas, Water & Waste",88.5,-1.3,-1.48,18,Stable,0,0
2005-01-01,D,"Electricity, Gas, Water & Waste",95.6,7.1,8.07,18,Growing,0,0
2006-01-01,D,"Electricity, Gas, Water & Waste",100.3,4.7,4.92,19,Growing,0,0
2007-01-01,D,"Electricity, Gas, Water & Waste",96.2,-4.1,-4.07,19,Shrinking,0,0
2008-01-01,D,"Electricity, Gas, Water & Waste",98.8,2.5,2.64,19,Growing,0,0
2011-01-01,D,"Electricity, Gas, Water & Waste",109.9,11.1,11.23,19,Growing,0,0
2012-01-01,D,"Electricity, Gas, Water & Waste",113.1,3.2,2.96,19,Growing,0,0
2013-01-01,D,"Electricity, Gas, Water & Waste",120.1,6.9,6.14,19,Growing,0,0
2014-01-01,D,"Electricity, Gas, Water & Waste",116.5,-3.6,-2.99,19,Shrinking,0,0
2015-01-01,D,"Electricity, Gas, Water & Waste",116.4,-0.1,-0.05,19,Stable,0,0
2016-01-01,D,"Electricity, Gas, Water & Waste",110.1,-6.3,-5.41,19,Shrinking,0,0
2017-01-01,D,"Electricity, Gas, Water & Waste",107.3,-2.8,-2.56,19,Shrinking,0,0
2018-01-01,D,"Electricity, Gas, Water & Waste",113.0,5.7,5.34,19,Growing,0,0
2019-01-01,D,"Electricity, Gas, Water & Waste",120.1,7.1,6.29,19,Growing,0,0
2020-01-01,D,"Electricity, Gas, Water & Waste",125.2,5.1,4.22,19,Growing,0,0
2021-01-01,D,"Electricity, Gas, Water & Waste",124.8,-0.4,-0.36,19,Stable,0,0
2022-01-01,D,"Electricity, Gas, Water & Waste",128.1,3.4,2.69,19,Growing,1,0
1995-01-01,K,Financial & Insurance Services,387.7,,,13,Stable,0,0
1996-01-01,K,Financial & Insurance Services,388.0,0.2,0.06,13,Stable,0,0
1997-01-01,K,Financial & Insurance Services,348.1,-39.9,-10.29,13,Shrinking,0,0
1998-01-01,K,Financial & Insurance Services,339.7,-8.4,-2.4,13,Shrinking,0,0
1999-01-01,K,Financial & Insurance Services,368.1,28.4,8.36,14,Growing,0,0
2000-01-01,K,Financial & Insurance Services,353.4,-14.7,-3.99,14,Shrinking,0,0
2001-01-01,K,Financial & Insurance Services,354.6,1.2,0.34,14,Stable,0,0
2002-01-01,K,Financial & Insurance Services,363.5,8.8,2.49,14,Growing,0,0
2003-01-01,K,Financial & Insurance Services,357.7,-5.8,-1.59,14,Stable,0,0
2004-01-01,K,Financial & Insurance Services,353.3,-4.4,-1.23,14,Stable,0,0
2005-01-01,K,Financial & Insurance Services,366.8,13.5,3.81,14,Growing,0,0
2006-01-01,K,Financial & Insurance Services,381.4,14.6,3.98,14,Growing,0,0
2007-01-01,K,Financial & Insurance Services,427.4,46.1,12.08,14,Growing,0,0
2008-01-01,K,Financial & Insurance Services,418.0,-9.4,-2.19,14,Shrinking,0,0
2011-01-01,K,Financial & Insurance Services,403.5,-14.5,-3.48,14,Shrinking,0,0
2012-01-01,K,Financial & Insurance Services,401.7,-1.8,-0.46,14,Stable,0,0
2013-01-01,K,Financial & Insurance Services,390.4,-11.2,-2.79,14,Shrinking,0,0
2014-01-01,K,Financial & Insurance Services,391.1,0.6,0.16,14,Stable,0,0
2015-01-01,K,Financial & Insurance Services,413.5,22.4,5.74,14,Growing,0,0
2016-01-01,K,Financial & Insurance Services,420.2,6.7,1.62,14,Stable,0,0
2017-01-01,K,Financial & Insurance Services,424.0,3.8,0.91,14,Stable,0,0
2018-01-01,K,Financial & Insurance Services,440.4,16.4,3.86,14,Growing,0,0
2019-01-01,K,Financial & Insurance Services,459.7,19.3,4.38,13,Growing,0,0
2020-01-01,K,Financial & Insurance Services,468.5,8.8,1.91,13,Stable,0,0
2021-01-01,K,Financial & Insurance Services,497.4,28.9,6.16,13,Growing,0,0
2022-01-01,K,Financial & Insurance Services,505.9,8.5,1.71,13,Stable,1,0
1995-01-01,Q,Health Care & Social Assistance,744.7,,,3,Stable,0,1
1996-01-01,Q,Health Care & Social Assistance,746.4,1.7,0.23,3,Stable,0,1
1997-01-01,Q,Health Care & Social Assistance,770.5,24.1,3.23,3,Growing,0,1
1998-01-01,Q,Health Care & Social Assistance,814.0,43.6,5.66,3,Growing,0,1
1999-01-01,Q,Health Care & Social Assistance,818.8,4.7,0.58,3,Stable,0,1
2000-01-01,Q,Health Care & Social Assistance,822.0,3.3,0.4,3,Stable,0,1
2001-01-01,Q,Health Care & Social Assistance,871.2,49.1,5.97,3,Growing,0,1
2002-01-01,Q,Health Care & Social Assistance,884.1,13.0,1.49,3,Stable,0,1
2003-01-01,Q,Health Care & Social Assistance,915.9,31.7,3.59,3,Growing,0,1
2004-01-01,Q,Health Care & Social Assistance,940.4,24.6,2.68,3,Growing,0,1
2005-01-01,Q,Health Care & Social Assistance,967.4,26.9,2.86,3,Growing,0,1
2006-01-01,Q,Health Care & Social Assistance,1017.3,50.0,5.17,2,Growing,0,1
2007-01-01,Q,Health Care & Social Assistance,1065.6,48.3,4.75,2,Growing,0,1
2008-01-01,Q,Health Care & Social Assistance,1139.6,74.0,6.94,2,Growing,0,1
2011-01-01,Q,Health Care & Social Assistance,1322.8,183.1,16.07,2,Growing,0,1
2012-01-01,Q,Health Care & Social Assistance,1350.6,27.8,2.1,1,Growing,0,1
2013-01-01,Q,Health Care & Social Assistance,1399.6,49.0,3.63,1,Growing,0,1
2014-01-01,Q,Health Care & Social Assistance,1423.1,23.5,1.68,1,Stable,0,1
2015-01-01,Q,Health Care & Social Assistance,1508.0,85.0,5.97,1,Growing,0,1
2016-01-01,Q,Health Care & Social Assistance,1561.1,53.1,3.52,1,Growing,0,1
2017-01-01,Q,Health Care & Social Assistance,1654.2,93.0,5.96,1,Growing,0,1
2018-01-01,Q,Health Care & Social Assistance,1689.3,35.1,2.12,1,Growing,0,1
2019-01-01,Q,Health Care & Social Assistance,1800.9,111.7,6.61,1,Growing,0,1
2020-01-01,Q,Health Care & Social Assistance,1871.3,70.3,3.9,1,Growing,0,1
2021-01-01,Q,Health Care & Social Assistance,1974.3,103.0,5.51,1,Growing,0,1
2022-01-01,Q,Health Care & Social Assistance,2021.1,46.8,2.37,1,Growing,1,1
1995-01-01,J,Information Media & Telecommunications,172.1,,,15,Stable,0,1
1996-01-01,J,Information Media & Telecommunications,200.7,28.6,16.61,15,Growing,0,1
1997-01-01,J,Information Media & Telecommunications,196.9,-3.7,-1.86,15,Stable,0,1
1998-01-01,J,Information Media & Telecommunications,185.6,-11.3,-5.74,16,Shrinking,0,1
1999-01-01,J,Information Media & Telecommunications,184.1,-1.5,-0.83,16,Stable,0,1
2000-01-01,J,Information Media & Telecommunications,181.4,-2.6,-1.43,16,Stable,0,1
2001-01-01,J,Information Media & Telecommunications,183.8,2.4,1.3,16,Stable,0,1
2002-01-01,J,Information Media & Telecommunications,168.1,-15.7,-8.55,17,Shrinking,0,1
2003-01-01,J,Information Media & Telecommunications,164.3,-3.7,-2.23,17,Shrinking,0,1
2004-01-01,J,Information Media & Telecommunications,158.5,-5.9,-3.57,17,Shrinking,0,1
2005-01-01,J,Information Media & Telecommunications,172.8,14.3,9.02,17,Growing,0,1
2006-01-01,J,Information Media & Telecommunications,179.5,6.8,3.92,17,Growing,0,1
2007-01-01,J,Information Media & Telecommunications,182.6,3.1,1.7,17,Stable,0,1
2008-01-01,J,Information Media & Telecommunications,181.5,-1.1,-0.61,17,Stable,0,1
2011-01-01,J,Information Media & Telecommunications,189.6,8.1,4.47,17,Growing,0,1
2012-01-01,J,Information Media & Telecommunications,189.6,-0.0,-0.02,17,Stable,0,1
2013-01-01,J,Information Media & Telecommunications,183.5,-6.1,-3.2,18,Shrinking,0,1
2014-01-01,J,Information Media & Telecommunications,184.7,1.3,0.68,18,Stable,0,1
2015-01-01,J,Information Media & Telecommunications,174.2,-10.5,-5.7,18,Shrinking,0,1
2016-01-01,J,Information Media & Telecommunications,190.0,15.8,9.07,17,Growing,0,1
2017-01-01,J,Information Media & Telecommunications,184.2,-5.8,-3.06,17,Shrinking,0,1
2018-01-01,J,Information Media & Telecommunications,191.2,7.0,3.78,17,Growing,0,1
2019-01-01,J,Information Media & Telecommunications,193.5,2.3,1.21,17,Stable,0,1
2020-01-01,J,Information Media & Telecommunications,189.7,-3.8,-1.95,18,Stable,0,1
2021-01-01,J,Information Media & Telecommunications,194.2,4.5,2.38,17,Growing,0,1
2022-01-01,J,Information Media & Telecommunications,195.2,1.0,0.53,18,Stable,1,1
1995-01-01,C,Manufacturing,1167.1,,,1,Stable,0,0
1996-01-01,C,Manufacturing,1136.3,-30.8,-2.64,1,Shrinking,0,0
1997-01-01,C,Manufacturing,1123.7,-12.6,-1.11,1,Stable,0,0
1998-01-01,C,Manufacturing,1135.6,11.9,1.06,1,Stable,0,0
1999-01-01,C,Manufacturing,1089.5,-46.1,-4.06,1,Shrinking,0,0
2000-01-01,C,Manufacturing,1070.5,-19.0,-1.74,2,Stable,0,0
2001-01-01,C,Manufacturing,1037.1,-33.4,-3.12,2,Shrinking,0,0
2002-01-01,C,Manufacturing,1004.5,-32.6,-3.15,2,Shrinking,0,0
2003-01-01,C,Manufacturing,1018.4,13.9,1.38,2,Stable,0,0
2004-01-01,C,Manufacturing,989.1,-29.2,-2.87,2,Shrinking,0,0
2005-01-01,C,Manufacturing,1005.2,16.1,1.62,2,Stable,0,0
2006-01-01,C,Manufacturing,1007.2,2.0,0.2,3,Stable,0,0
2007-01-01,C,Manufacturing,1005.0,-2.2,-0.22,3,Stable,0,0
2008-01-01,C,Manufacturing,1007.4,2.4,0.24,3,Stable,0,0
2011-01-01,C,Manufacturing,941.3,-66.1,-6.56,5,Shrinking,0,0
2012-01-01,C,Manufacturing,923.7,-17.5,-1.86,6,Stable,0,0
2013-01-01,C,Manufacturing,900.8,-23.0,-2.49,7,Shrinking,0,0
2014-01-01,C,Manufacturing,885.9,-14.8,-1.65,7,Stable,0,0
2015-01-01,C,Manufacturing,867.7,-18.2,-2.06,7,Shrinking,0,0
2016-01-01,C,Manufacturing,860.5,-7.2,-0.83,8,Stable,0,0
2017-01-01,C,Manufacturing,853.4,-7.2,-0.83,8,Stable,0,0
2018-01-01,C,Manufacturing,869.6,16.2,1.9,8,Stable,0,0
2019-01-01,C,Manufacturing,870.4,0.8,0.09,8,Stable,0,0
2020-01-01,C,Manufacturing,869.4,-1.1,-0.12,8,Stable,0,0
2021-01-01,C,Manufacturing,880.0,10.7,1.23,8,Stable,0,0
2022-01-01,C,Manufacturing,943.8,63.8,7.25,8,Growing,1,0
1995-01-01,B,Mining,85.5,,,19,Stable,0,0
1996-01-01,B,Mining,98.2,12.7,14.86,18,Growing,0,0
1997-01-01,B,Mining,99.8,1.7,1.69,18,Stable,0,0
1998-01-01,B,Mining,97.4,-2.4,-2.44,18,Shrinking,0,0
1999-01-01,B,Mining,88.5,-8.9,-9.11,18,Shrinking,0,0
2000-01-01,B,Mining,80.6,-7.9,-8.91,19,Shrinking,0,0
2001-01-01,B,Mining,79.2,-1.5,-1.85,19,Stable,0,0
2002-01-01,B,Mining,80.6,1.4,1.78,19,Stable,0,0
2003-01-01,B,Mining,81.2,0.6,0.79,19,Stable,0,0
2004-01-01,B,Mining,82.0,0.8,0.99,19,Stable,0,0
2005-01-01,B,Mining,85.4,3.4,4.14,19,Growing,0,0
2006-01-01,B,Mining,104.5,19.1,22.4,18,Growing,0,0
2007-01-01,B,Mining,113.8,9.3,8.87,18,Growing,0,0
2008-01-01,B,Mining,123.6,9.8,8.59,18,Growing,0,0
2011-01-01,B,Mining,156.0,32.4,26.23,18,Growing,0,0
2012-01-01,B,Mining,186.6,30.6,19.65,18,Growing,0,0
2013-01-01,B,Mining,198.0,11.4,6.11,17,Growing,0,0
2014-01-01,B,Mining,193.7,-4.3,-2.18,17,Shrinking,0,0
2015-01-01,B,Mining,183.1,-10.7,-5.5,17,Shrinking,0,0
2016-01-01,B,Mining,172.0,-11.1,-6.06,18,Shrinking,0,0
2017-01-01,B,Mining,160.8,-11.1,-6.47,18,Shrinking,0,0
2018-01-01,B,Mining,175.5,14.6,9.1,18,Growing,0,0
2019-01-01,B,Mining,181.6,6.1,3.48,18,Growing,0,0
2020-01-01,B,Mining,190.8,9.2,5.08,17,Growing,0,0
2021-01-01,B,Mining,193.0,2.2,1.16,18,Stable,0,0
2022-01-01,B,Mining,210.9,17.9,9.27,17,Growing,1,0
1995-01-01,S,Other Services,420.4,,,11,Stable,0,0
1996-01-01,S,Other Services,440.5,20.1,4.78,11,Growing,0,0
1997-01-01,S,Other Services,431.2,-9.3,-2.11,12,Shrinking,0,0
1998-01-01,S,Other Services,448.2,17.0,3.95,11,Growing,0,0
1999-01-01,S,Other Services,438.9,-9.2,-2.06,12,Shrinking,0,0
2000-01-01,S,Other Services,448.3,9.3,2.12,13,Growing,0,0
2001-01-01,S,Other Services,427.8,-20.4,-4.56,13,Shrinking,0,0
2002-01-01,S,Other Services,452.7,24.8,5.81,13,Growing,0,0
2003-01-01,S,Other Services,461.5,8.9,1.96,13,Stable,0,0
2004-01-01,S,Other Services,449.9,-11.7,-2.53,13,Shrinking,0,0
2005-01-01,S,Other Services,439.9,-9.9,-2.21,13,Shrinking,0,0
2006-01-01,S,Other Services,444.0,4.1,0.93,13,Stable,0,0
2007-01-01,S,Other Services,441.9,-2.1,-0.48,13,Stable,0,0
2008-01-01,S,Other Services,478.7,36.8,8.33,13,Growing,0,0
2011-01-01,S,Other Services,477.5,-1.2,-0.24,13,Stable,0,0
2012-01-01,S,Other Services,470.2,-7.4,-1.54,13,Stable,0,0
2013-01-01,S,Other Services,476.2,6.0,1.27,13,Stable,0,0
2014-01-01,S,Other Services,515.2,39.0,8.19,12,Growing,0,0
2015-01-01,S,Other Services,512.7,-2.4,-0.47,12,Stable,0,0
2016-01-01,S,Other Services,514.3,1.6,0.31,12,Stable,0,0
2017-01-01,S,Other Services,537.6,23.4,4.54,12,Growing,0,0
2018-01-01,S,Other Services,555.3,17.7,3.29,11,Growing,0,0
2019-01-01,S,Other Services,562.0,6.7,1.21,12,Stable,0,0
2020-01-01,S,Other Services,530.4,-31.6,-5.63,12,Shrinking,0,0
2021-01-01,S,Other Services,527.5,-2.9,-0.55,12,Stable,0,0
2022-01-01,S,Other Services,580.7,53.3,10.1,11,Growing,1,0
1995-01-01,M,"Professional, Scientific & Technical",443.6,,,10,Stable,0,0
1996-01-01,M,"Professional, Scientific & Technical",476.2,32.6,7.36,10,Growing,0,0
1997-01-01,M,"Professional, Scientific & Technical",510.1,33.8,7.1,9,Growing,0,0
1998-01-01,M,"Professional, Scientific & Technical",508.5,-1.6,-0.32,8,Stable,0,0
1999-01-01,M,"Professional, Scientific & Technical",563.7,55.3,10.87,7,Growing,0,0
2000-01-01,M,"Professional, Scientific & Technical",603.8,40.1,7.11,7,Growing,0,0
2001-01-01,M,"Professional, Scientific & Technical",674.6,70.8,11.73,6,Growing,0,0
2002-01-01,M,"Professional, Scientific & Technical",707.7,33.1,4.9,6,Growing,0,0
2003-01-01,M,"Professional, Scientific & Technical",734.3,26.7,3.77,6,Growing,0,0
2004-01-01,M,"Professional, Scientific & Technical",772.9,38.5,5.25,5,Growing,0,0
2005-01-01,M,"Professional, Scientific & Technical",803.7,30.8,3.99,5,Growing,0,0
2006-01-01,M,"Professional, Scientific & Technical",843.4,39.7,4.93,4,Growing,0,0
2007-01-01,M,"Professional, Scientific & Technical",871.4,28.0,3.32,5,Growing,0,0
2008-01-01,M,"Professional, Scientific & Technical",923.3,51.9,5.96,5,Growing,0,0
2011-01-01,M,"Professional, Scientific & Technical",947.3,24.0,2.6,4,Growing,0,0
2012-01-01,M,"Professional, Scientific & Technical",962.9,15.6,1.64,4,Stable,0,0
2013-01-01,M,"Professional, Scientific & Technical",993.8,30.9,3.21,4,Growing,0,0
2014-01-01,M,"Professional, Scientific & Technical",981.7,-12.1,-1.22,4,Stable,0,0
2015-01-01,M,"Professional, Scientific & Technical",971.1,-10.7,-1.09,5,Stable,0,0
2016-01-01,M,"Professional, Scientific & Technical",1032.9,61.9,6.37,5,Growing,0,0
2017-01-01,M,"Professional, Scientific & Technical",1071.1,38.2,3.7,4,Growing,0,0
2018-01-01,M,"Professional, Scientific & Technical",1134.0,62.8,5.87,3,Growing,0,0
2019-01-01,M,"Professional, Scientific & Technical",1211.1,77.1,6.8,3,Growing,0,0
2020-01-01,M,"Professional, Scientific & Technical",1202.8,-8.3,-0.68,3,Stable,0,0
2021-01-01,M,"Professional, Scientific & Technical",1225.0,22.2,1.84,3,Stable,0,0
2022-01-01,M,"Professional, Scientific & Technical",1291.3,66.4,5.42,3,Growing,1,0
1995-01-01,O,Public Administration & Safety,553.6,,,6,Stable,0,0
1996-01-01,O,Public Administration & Safety,552.6,-1.0,-0.18,7,Stable,0,0
1997-01-01,O,Public Administration & Safety,569.4,16.8,3.03,6,Growing,0,0
1998-01-01,O,Public Administration & Safety,572.4,3.0,0.53,6,Stable,0,0
1999-01-01,O,Public Administration & Safety,549.3,-23.2,-4.05,8,Shrinking,0,0
2000-01-01,O,Public Administration & Safety,556.3,7.0,1.28,8,Stable,0,0
2001-01-01,O,Public Administration & Safety,552.2,-4.1,-0.74,8,Stable,0,0
2002-01-01,O,Public Administration & Safety,615.6,63.5,11.49,7,Growing,0,0
2003-01-01,O,Public Administration & Safety,633.7,18.0,2.93,8,Growing,0,0
2004-01-01,O,Public Administration & Safety,654.9,21.2,3.35,8,Growing,0,0
2005-01-01,O,Public Administration & Safety,658.1,3.2,0.49,8,Stable,0,0
2006-01-01,O,Public Administration & Safety,675.2,17.1,2.59,8,Growing,0,0
2007-01-01,O,Public Administration & Safety,670.3,-4.9,-0.72,9,Stable,0,0
2008-01-01,O,Public Administration & Safety,650.0,-20.3,-3.03,9,Shrinking,0,0
2011-01-01,O,Public Administration & Safety,696.0,46.0,7.08,9,Growing,0,0
2012-01-01,O,Public Administration & Safety,701.2,5.2,0.75,9,Stable,0,0
2013-01-01,O,Public Administration & Safety,714.3,13.0,1.86,9,Stable,0,0
2014-01-01,O,Public Administration & Safety,706.0,-8.3,-1.16,9,Stable,0,0
2015-01-01,O,Public Administration & Safety,702.2,-3.7,-0.53,9,Stable,0,0
2016-01-01,O,Public Administration & Safety,729.6,27.4,3.9,9,Growing,0,0
2017-01-01,O,Public Administration & Safety,750.8,21.2,2.91,9,Growing,0,0
2018-01-01,O,Public Administration & Safety,759.3,8.4,1.12,9,Stable,0,0
2019-01-01,O,Public Administration & Safety,776.3,17.0,2.24,9,Growing,0,0
2020-01-01,O,Public Administration & Safety,759.0,-17.3,-2.23,9,Shrinking,0,0
2021-01-01,O,Public Administration & Safety,788.5,29.5,3.89,9,Growing,0,0
2022-01-01,O,Public Administration & Safety,798.7,10.2,1.29,9,Stable,1,0
1995-01-01,L,"Rental, Hiring & Real Estate",146.4,,,17,Stable,0,0
1996-01-01,L,"Rental, Hiring & Real Estate",140.9,-5.5,-3.78,17,Shrinking,0,0
1997-01-01,L,"Rental, Hiring & Real Estate",155.2,14.4,10.22,17,Growing,0,0
1998-01-01,L,"Rental, Hiring & Real Estate",158.4,3.1,2.02,17,Growing,0,0
1999-01-01,L,"Rental, Hiring & Real Estate",158.5,0.1,0.07,17,Stable,0,0
2000-01-01,L,"Rental, Hiring & Real Estate",173.2,14.7,9.27,17,Growing,0,0
2001-01-01,L,"Rental, Hiring & Real Estate",181.9,8.7,5.02,17,Growing,0,0
2002-01-01,L,"Rental, Hiring & Real Estate",183.6,1.8,0.96,16,Stable,0,0
2003-01-01,L,"Rental, Hiring & Real Estate",197.7,14.1,7.67,15,Growing,0,0
2004-01-01,L,"Rental, Hiring & Real Estate",219.6,21.9,11.09,15,Growing,0,0
2005-01-01,L,"Rental, Hiring & Real Estate",225.6,5.9,2.7,15,Growing,0,0
2006-01-01,L,"Rental, Hiring & Real Estate",239.6,14.0,6.2,15,Growing,0,0
2007-01-01,L,"Rental, Hiring & Real Estate",256.6,17.0,7.11,15,Growing,0,0
2008-01-01,L,"Rental, Hiring & Real Estate",259.3,2.7,1.04,15,Stable,0,0
2011-01-01,L,"Rental, Hiring & Real Estate",251.6,-7.7,-2.97,15,Shrinking,0,0
2012-01-01,L,"Rental, Hiring & Real Estate",256.7,5.1,2.03,15,Growing,0,0
2013-01-01,L,"Rental, Hiring & Real Estate",255.5,-1.1,-0.45,15,Stable,0,0
2014-01-01,L,"Rental, Hiring & Real Estate",257.4,1.8,0.72,15,Stable,0,0
2015-01-01,L,"Rental, Hiring & Real Estate",265.8,8.4,3.27,15,Growing,0,0
2016-01-01,L,"Rental, Hiring & Real Estate",277.2,11.4,4.27,15,Growing,0,0
2017-01-01,L,"Rental, Hiring & Real Estate",277.0,-0.1,-0.04,15,Stable,0,0
2018-01-01,L,"Rental, Hiring & Real Estate",291.0,14.0,5.04,15,Growing,0,0
2019-01-01,L,"Rental, Hiring & Real Estate",284.8,-6.2,-2.12,15,Shrinking,0,0
2020-01-01,L,"Rental, Hiring & Real Estate",286.9,2.1,0.73,15,Stable,0,0
2021-01-01,L,"Rental, Hiring & Real Estate",281.9,-5.0,-1.75,15,Stable,0,0
2022-01-01,L,"Rental, Hiring & Real Estate",304.9,23.0,8.18,15,Growing,1,0
1995-01-01,G,Retail Trade,916.4,,,2,Stable,0,1
1996-01-01,G,Retail Trade,952.3,35.9,3.92,2,Growing,0,1
1997-01-01,G,Retail Trade,1010.9,58.6,6.15,2,Growing,0,1
1998-01-01,G,Retail Trade,1037.4,26.5,2.62,2,Growing,0,1
1999-01-01,G,Retail Trade,1055.2,17.8,1.71,2,Stable,0,1
2000-01-01,G,Retail Trade,1071.2,16.0,1.52,1,Stable,0,1
2001-01-01,G,Retail Trade,1096.0,24.8,2.31,1,Growing,0,1
2002-01-01,G,Retail Trade,1107.6,11.7,1.07,1,Stable,0,1
2003-01-01,G,Retail Trade,1131.6,23.9,2.16,1,Growing,0,1
2004-01-01,G,Retail Trade,1143.6,12.0,1.06,1,Stable,0,1
2005-01-01,G,Retail Trade,1194.1,50.6,4.42,1,Growing,0,1
2006-01-01,G,Retail Trade,1209.2,15.1,1.26,1,Stable,0,1
2007-01-01,G,Retail Trade,1216.6,7.4,0.61,1,Stable,0,1
2008-01-01,G,Retail Trade,1266.6,50.0,4.11,1,Growing,0,1
2011-01-01,G,Retail Trade,1335.6,69.0,5.45,1,Growing,0,1
2012-01-01,G,Retail Trade,1324.1,-11.5,-0.86,2,Stable,0,1
2013-01-01,G,Retail Trade,1340.2,16.1,1.21,2,Stable,0,1
2014-01-01,G,Retail Trade,1325.5,-14.7,-1.1,2,Stable,0,1
2015-01-01,G,Retail Trade,1338.7,13.2,0.99,2,Stable,0,1
2016-01-01,G,Retail Trade,1359.5,20.8,1.56,2,Stable,0,1
2017-01-01,G,Retail Trade,1365.2,5.7,0.42,2,Stable,0,1
2018-01-01,G,Retail Trade,1378.1,12.9,0.94,2,Stable,0,1
2019-01-01,G,Retail Trade,1404.2,26.1,1.9,2,Stable,0,1
2020-01-01,G,Retail Trade,1369.2,-35.0,-2.49,2,Shrinking,0,1
2021-01-01,G,Retail Trade,1420.0,50.8,3.71,2,Growing,0,1
2022-01-01,G,Retail Trade,1482.1,62.1,4.37,2,Growing,1,1
1995-01-01,I,"Transport, Postal & Warehousing",464.6,,,9,Stable,0,0
1996-01-01,I,"Transport, Postal & Warehousing",497.6,32.9,7.09,9,Growing,0,0
1997-01-01,I,"Transport, Postal & Warehousing",450.5,-47.1,-9.46,10,Shrinking,0,0
1998-01-01,I,"Transport, Postal & Warehousing",430.7,-19.8,-4.39,12,Shrinking,0,0
1999-01-01,I,"Transport, Postal & Warehousing",441.1,10.4,2.41,11,Growing,0,0
2000-01-01,I,"Transport, Postal & Warehousing",461.6,20.5,4.64,11,Growing,0,0
2001-01-01,I,"Transport, Postal & Warehousing",469.8,8.2,1.78,12,Stable,0,0
2002-01-01,I,"Transport, Postal & Warehousing",461.0,-8.8,-1.86,12,Stable,0,0
2003-01-01,I,"Transport, Postal & Warehousing",464.4,3.3,0.72,12,Stable,0,0
2004-01-01,I,"Transport, Postal & Warehousing",478.9,14.6,3.13,11,Growing,0,0
2005-01-01,I,"Transport, Postal & Warehousing",516.2,37.3,7.79,11,Growing,0,0
2006-01-01,I,"Transport, Postal & Warehousing",538.6,22.4,4.33,10,Growing,0,0
2007-01-01,I,"Transport, Postal & Warehousing",547.2,8.6,1.6,10,Stable,0,0
2008-01-01,I,"Transport, Postal & Warehousing",561.6,14.4,2.63,10,Growing,0,0
2011-01-01,I,"Transport, Postal & Warehousing",580.6,19.1,3.4,10,Growing,0,0
2012-01-01,I,"Transport, Postal & Warehousing",570.4,-10.2,-1.76,11,Stable,0,0
2013-01-01,I,"Transport, Postal & Warehousing",586.8,16.4,2.88,10,Growing,0,0
2014-01-01,I,"Transport, Postal & Warehousing",598.8,12.0,2.05,10,Growing,0,0
2015-01-01,I,"Transport, Postal & Warehousing",577.6,-21.3,-3.55,10,Shrinking,0,0
2016-01-01,I,"Transport, Postal & Warehousing",596.0,18.4,3.19,10,Growing,0,0
2017-01-01,I,"Transport, Postal & Warehousing",609.4,13.4,2.26,10,Growing,0,0
2018-01-01,I,"Transport, Postal & Warehousing",640.9,31.5,5.16,10,Growing,0,0
2019-01-01,I,"Transport, Postal & Warehousing",664.3,23.4,3.65,10,Growing,0,0
2020-01-01,I,"Transport, Postal & Warehousing",669.0,4.7,0.71,10,Stable,0,0
2021-01-01,I,"Transport, Postal & Warehousing",643.8,-25.2,-3.77,10,Shrinking,0,0
2022-01-01,I,"Transport, Postal & Warehousing",669.9,26.1,4.05,10,Growing,1,0
1995-01-01,F,Wholesale Trade,417.6,,,12,Stable,0,0
1996-01-01,F,Wholesale Trade,433.5,15.9,3.8,12,Growing,0,0
1997-01-01,F,Wholesale Trade,435.0,1.5,0.35,11,Stable,0,0
1998-01-01,F,Wholesale Trade,461.5,26.5,6.1,10,Growing,0,0
1999-01-01,F,Wholesale Trade,489.3,27.8,6.02,10,Growing,0,0
2000-01-01,F,Wholesale Trade,506.9,17.7,3.61,10,Growing,0,0
2001-01-01,F,Wholesale Trade,484.9,-22.0,-4.35,11,Shrinking,0,0
2002-01-01,F,Wholesale Trade,478.1,-6.8,-1.4,11,Stable,0,0
2003-01-01,F,Wholesale Trade,476.2,-1.9,-0.4,11,Stable,0,0
2004-01-01,F,Wholesale Trade,464.6,-11.6,-2.44,12,Shrinking,0,0
2005-01-01,F,Wholesale Trade,479.6,15.1,3.25,12,Growing,0,0
2006-01-01,F,Wholesale Trade,485.7,6.1,1.26,12,Stable,0,0
2007-01-01,F,Wholesale Trade,515.7,30.0,6.18,11,Growing,0,0
2008-01-01,F,Wholesale Trade,549.8,34.1,6.6,11,Growing,0,0
2011-01-01,F,Wholesale Trade,558.9,9.2,1.67,11,Stable,0,0
2012-01-01,F,Wholesale Trade,572.7,13.7,2.46,10,Growing,0,0
2013-01-01,F,Wholesale Trade,567.4,-5.3,-0.92,11,Stable,0,0
2014-01-01,F,Wholesale Trade,551.3,-16.1,-2.84,11,Shrinking,0,0
2015-01-01,F,Wholesale Trade,554.1,2.8,0.52,11,Stable,0,0
2016-01-01,F,Wholesale Trade,545.1,-9.0,-1.62,11,Stable,0,0
2017-01-01,F,Wholesale Trade,557.8,12.6,2.32,11,Growing,0,0
2018-01-01,F,Wholesale Trade,544.3,-13.4,-2.41,12,Shrinking,0,0
2019-01-01,F,Wholesale Trade,566.4,22.0,4.05,11,Growing,0,0
2020-01-01,F,Wholesale Trade,578.3,11.9,2.1,11,Growing,0,0
2021-01-01,F,Wholesale Trade,591.6,13.3,2.3,11,Growing,0,0
2022-01-01,F,Wholesale Trade,566.9,-24.7,-4.18,12,Shrinking,1,0
