date,employed_thousands,unemployed_thousands,unemployment_rate_pct,participation_rate_pct,emp_to_pop_ratio_pct,unemployment_rate_mom_change_ppt,employed_mom_change_pct,unemployment_rate_yoy_change_ppt,employed_yoy_change_pct,is_latest_month
1978-02-01,5997.4,426.9,6.64,61.25,57.18,,,,,0
1978-03-01,6002.9,403.8,6.3,60.97,57.12,-0.342,0.09,,,0
1978-04-01,6030.7,403.2,6.27,61.17,57.33,-0.035,0.46,,,0
1978-05-01,6033.1,399.4,6.21,61.08,57.29,-0.058,0.04,,,0
1978-06-01,6033.8,406.0,6.3,61.08,57.23,0.095,0.01,,,0
1978-07-01,6030.4,400.1,6.22,60.92,57.13,-0.082,-0.06,,,0
1978-08-01,6036.3,418.9,6.49,61.07,57.11,0.268,0.1,,,0
1978-09-01,6030.8,402.4,6.26,60.77,56.96,-0.235,-0.09,,,0
1978-10-01,6035.8,396.4,6.16,60.69,56.95,-0.092,0.08,,,0
1978-11-01,6028.1,407.4,6.33,60.64,56.8,0.168,-0.13,,,0
1978-12-01,6053.1,414.3,6.41,60.85,56.95,0.074,0.41,,,0
1979-01-01,6050.9,411.8,6.37,60.72,56.85,-0.033,-0.04,,,0
1979-02-01,6063.4,404.7,6.26,60.67,56.88,-0.115,0.21,-0.388,1.1,0
1979-03-01,6055.5,407.4,6.3,60.51,56.7,0.046,-0.13,0.0,0.88,0
1979-04-01,6064.6,421.5,6.5,60.66,56.72,0.195,0.15,0.231,0.56,0
1979-05-01,6070.2,401.5,6.2,60.45,56.7,-0.295,0.09,-0.006,0.62,0
1979-06-01,6099.3,406.7,6.25,60.67,56.87,0.048,0.48,-0.052,1.09,0
1979-07-01,6097.4,408.0,6.27,60.59,56.79,0.02,-0.03,0.05,1.11,0
1979-08-01,6114.8,398.5,6.12,60.58,56.88,-0.154,0.28,-0.372,1.3,0
1979-09-01,6116.8,406.5,6.23,60.59,56.81,0.114,0.03,-0.023,1.43,0
1979-10-01,6152.1,419.5,6.38,60.95,57.06,0.152,0.58,0.22,1.93,0
1979-11-01,6180.4,397.6,6.04,60.92,57.24,-0.339,0.46,-0.286,2.53,0
1979-12-01,6183.9,403.1,6.12,60.9,57.17,0.075,0.06,-0.285,2.16,0
1980-01-01,6203.8,406.3,6.15,61.04,57.29,0.027,0.32,-0.225,2.53,0
1980-02-01,6221.8,397.0,6.0,61.04,57.37,-0.148,0.29,-0.259,2.61,0
1980-03-01,6232.8,393.4,5.94,61.01,57.39,-0.062,0.18,-0.367,2.93,0
1980-04-01,6246.6,406.8,6.11,61.18,57.44,0.178,0.22,-0.384,3.0,0
1980-05-01,6267.9,417.6,6.25,61.38,57.55,0.131,0.34,0.042,3.26,0
1980-06-01,6275.4,423.6,6.32,61.4,57.52,0.077,0.12,0.072,2.89,0
1980-07-01,6306.6,407.8,6.07,61.46,57.73,-0.249,0.5,-0.198,3.43,0
1980-08-01,6315.6,415.8,6.18,61.53,57.73,0.103,0.14,0.059,3.28,0
1980-09-01,6317.6,413.3,6.14,61.42,57.64,-0.036,0.03,-0.091,3.28,0
1980-10-01,6306.9,406.5,6.06,61.16,57.45,-0.086,-0.17,-0.329,2.52,0
1980-11-01,6328.5,393.2,5.85,61.12,57.55,-0.205,0.34,-0.195,2.4,0
1980-12-01,6351.4,409.1,6.05,61.35,57.64,0.201,0.36,-0.069,2.71,0
1981-01-01,6357.3,399.7,5.92,61.22,57.6,-0.135,0.09,-0.231,2.48,0
1981-02-01,6372.8,379.2,5.62,61.07,57.64,-0.299,0.24,-0.382,2.43,0
1981-03-01,6376.5,388.7,5.75,61.06,57.55,0.13,0.06,-0.191,2.31,0
1981-04-01,6404.0,376.7,5.55,61.12,57.73,-0.191,0.43,-0.56,2.52,0
1981-05-01,6405.1,379.2,5.59,61.06,57.65,0.034,0.02,-0.657,2.19,0
1981-06-01,6420.8,364.7,5.37,60.98,57.7,-0.214,0.25,-0.949,2.32,0
1981-07-01,6418.4,396.9,5.82,61.14,57.58,0.45,-0.04,-0.25,1.77,0
1981-08-01,6434.4,399.5,5.85,61.21,57.63,0.022,0.25,-0.331,1.88,0
1981-09-01,6459.2,398.6,5.81,61.32,57.75,-0.034,0.39,-0.329,2.24,0
1981-10-01,6429.8,401.1,5.87,60.97,57.39,0.061,-0.46,-0.183,1.95,0
1981-11-01,6416.9,409.2,6.0,60.81,57.17,0.123,-0.2,0.145,1.4,0
1981-12-01,6430.0,412.4,6.03,60.85,57.18,0.032,0.21,-0.024,1.24,0
1982-01-01,6469.1,411.6,5.98,61.07,57.42,-0.046,0.61,0.066,1.76,0
1982-02-01,6450.3,434.3,6.31,61.0,57.15,0.327,-0.29,0.692,1.22,0
1982-03-01,6443.1,434.9,6.32,60.83,56.98,0.015,-0.11,0.577,1.04,0
1982-04-01,6455.7,436.5,6.33,60.85,57.0,0.01,0.2,0.778,0.81,0
1982-05-01,6432.8,454.0,6.59,60.71,56.7,0.259,-0.36,1.004,0.43,0
1982-06-01,6420.8,466.0,6.77,60.61,56.51,0.174,-0.19,1.393,0.0,0
1982-07-01,6419.9,474.2,6.88,60.58,56.41,0.112,-0.01,1.055,0.02,0
1982-08-01,6416.4,483.8,7.01,60.54,56.29,0.132,-0.05,1.165,-0.28,0
1982-09-01,6400.7,513.7,7.43,60.57,56.07,0.418,-0.24,1.617,-0.91,0
1982-10-01,6402.9,579.2,8.3,61.08,56.02,0.866,0.03,2.423,-0.42,0
1982-11-01,6345.6,603.1,8.68,60.72,55.45,0.385,-0.89,2.684,-1.11,0
1982-12-01,6295.6,653.3,9.4,60.64,54.94,0.722,-0.79,3.375,-2.09,0
1983-01-01,6296.6,645.4,9.3,60.48,54.85,-0.104,0.02,3.316,-2.67,0
1983-02-01,6289.4,672.4,9.66,60.55,54.7,0.361,-0.11,3.35,-2.5,0
1983-03-01,6255.7,691.4,9.95,60.32,54.31,0.293,-0.53,3.629,-2.91,0
1983-04-01,6232.9,704.3,10.15,60.13,54.03,0.2,-0.36,3.819,-3.45,0
1983-05-01,6263.8,721.1,10.32,60.45,54.21,0.171,0.5,3.73,-2.63,0
1983-06-01,6271.2,712.6,10.2,60.35,54.19,-0.119,0.12,3.437,-2.33,0
1983-07-01,6276.7,738.3,10.52,60.53,54.16,0.32,0.09,3.645,-2.23,0
1983-08-01,6283.0,715.1,10.22,60.3,54.13,-0.306,0.1,3.207,-2.08,0
1983-09-01,6316.7,728.3,10.34,60.61,54.35,0.119,0.54,2.909,-1.31,0
1983-10-01,6317.3,702.6,10.01,60.32,54.28,-0.33,0.01,1.713,-1.34,0
1983-11-01,6354.2,679.0,9.65,60.35,54.53,-0.354,0.58,0.975,0.14,0
1983-12-01,6379.0,666.3,9.46,60.38,54.67,-0.197,0.39,0.055,1.32,0
1984-01-01,6380.0,669.3,9.49,60.31,54.58,0.038,0.02,0.198,1.32,0
1984-02-01,6392.0,662.1,9.39,60.26,54.61,-0.109,0.19,-0.273,1.63,0
1984-03-01,6447.6,653.9,9.21,60.58,55.0,-0.177,0.87,-0.743,3.07,0
1984-04-01,6454.1,667.3,9.37,60.66,54.97,0.162,0.1,-0.782,3.55,0
1984-05-01,6479.5,635.9,8.94,60.52,55.11,-0.433,0.39,-1.387,3.44,0
1984-06-01,6501.6,650.6,9.1,60.74,55.22,0.16,0.34,-1.108,3.67,0
1984-07-01,6510.6,637.7,8.92,60.62,55.21,-0.175,0.14,-1.603,3.73,0
1984-08-01,6508.0,630.2,8.83,60.45,55.11,-0.093,-0.04,-1.391,3.58,0
1984-09-01,6538.0,625.7,8.73,60.58,55.28,-0.093,0.46,-1.603,3.5,0
1984-10-01,6534.7,622.3,8.7,60.43,55.17,-0.039,-0.05,-1.313,3.44,0
1984-11-01,6550.0,622.5,8.68,60.46,55.22,-0.016,0.23,-0.975,3.08,0
1984-12-01,6553.8,610.3,8.52,60.3,55.16,-0.16,0.06,-0.938,2.74,0
1985-01-01,6561.4,613.6,8.55,60.29,55.13,0.033,0.12,-0.942,2.84,0
1985-02-01,6626.1,606.8,8.39,60.68,55.59,-0.164,0.99,-0.997,3.66,0
1985-03-01,6600.9,626.3,8.67,60.53,55.28,0.277,-0.38,-0.543,2.38,0
1985-04-01,6611.2,606.4,8.4,60.36,55.29,-0.264,0.16,-0.968,2.43,0
1985-05-01,6646.2,607.6,8.38,60.57,55.5,-0.026,0.53,-0.561,2.57,0
1985-06-01,6660.1,624.4,8.57,60.74,55.53,0.196,0.21,-0.525,2.44,0
1985-07-01,6685.4,605.9,8.31,60.7,55.65,-0.261,0.38,-0.611,2.69,0
1985-08-01,6727.4,597.3,8.16,60.88,55.92,-0.155,0.63,-0.673,3.37,0
1985-09-01,6771.7,593.4,8.06,61.12,56.19,-0.098,0.66,-0.678,3.58,0
1985-10-01,6756.2,575.4,7.85,60.73,55.96,-0.208,-0.23,-0.847,3.39,0
1985-11-01,6855.2,592.1,7.95,61.57,56.67,0.102,1.47,-0.729,4.66,0
1985-12-01,6822.6,576.0,7.78,61.05,56.3,-0.166,-0.48,-0.735,4.1,0
1986-01-01,6869.3,581.7,7.81,61.37,56.58,0.022,0.68,-0.746,4.69,0
1986-02-01,6892.2,599.5,8.0,61.59,56.66,0.196,0.33,-0.387,4.02,0
1986-03-01,6902.6,594.2,7.93,61.52,56.64,-0.076,0.15,-0.739,4.57,0
1986-04-01,6971.4,598.0,7.9,62.0,57.11,-0.026,1.0,-0.501,5.45,0
1986-05-01,6965.0,593.0,7.85,61.81,56.96,-0.054,-0.09,-0.529,4.8,0
1986-06-01,7005.4,580.5,7.65,61.93,57.19,-0.194,0.58,-0.919,5.18,0
1986-07-01,6987.6,616.3,8.11,61.97,56.94,0.453,-0.25,-0.205,4.52,0
1986-08-01,6969.2,625.7,8.24,61.79,56.7,0.133,-0.26,0.084,3.59,0
1986-09-01,6994.3,636.2,8.34,61.97,56.8,0.099,0.36,0.281,3.29,0
1986-10-01,7018.8,636.1,8.31,62.06,56.9,-0.028,0.35,0.461,3.89,0
1986-11-01,7008.0,635.9,8.32,61.86,56.71,0.009,-0.15,0.369,2.23,0
1986-12-01,7024.6,641.1,8.36,61.93,56.75,0.045,0.24,0.579,2.96,0
1987-01-01,7024.9,626.4,8.19,61.7,56.65,-0.177,0.0,0.381,2.27,0
1987-02-01,7056.6,631.1,8.21,61.88,56.8,0.023,0.45,0.208,2.39,0
1987-03-01,7070.1,651.3,8.43,62.03,56.8,0.225,0.19,0.508,2.43,0
1987-04-01,7084.6,641.2,8.3,61.96,56.82,-0.135,0.21,0.4,1.62,0
1987-05-01,7089.8,633.4,8.2,61.84,56.76,-0.098,0.07,0.355,1.79,0
1987-06-01,7125.4,620.2,8.01,61.91,56.95,-0.194,0.5,0.354,1.71,0
1987-07-01,7171.2,629.7,8.07,62.25,57.23,0.065,0.64,-0.033,2.63,0
1987-08-01,7149.7,630.6,8.1,61.99,56.96,0.032,-0.3,-0.134,2.59,0
1987-09-01,7137.5,600.1,7.76,61.55,56.78,-0.35,-0.17,-0.583,2.05,0
1987-10-01,7167.1,630.5,8.09,61.91,56.91,0.331,0.41,-0.224,2.11,0
1987-11-01,7157.1,616.5,7.93,61.61,56.72,-0.155,-0.14,-0.388,2.13,0
1987-12-01,7234.9,606.0,7.73,62.03,57.24,-0.202,1.09,-0.635,2.99,0
1988-01-01,7296.5,602.8,7.63,62.37,57.61,-0.098,0.85,-0.556,3.87,0
1988-02-01,7282.0,583.3,7.42,61.99,57.39,-0.215,-0.2,-0.794,3.19,0
1988-03-01,7329.6,594.5,7.5,62.34,57.66,0.087,0.65,-0.932,3.67,0
1988-04-01,7359.9,632.4,7.91,62.77,57.8,0.41,0.41,-0.387,3.89,0
1988-05-01,7343.0,591.2,7.45,62.21,57.58,-0.461,-0.23,-0.751,3.57,0
1988-06-01,7360.6,604.0,7.58,62.35,57.62,0.133,0.24,-0.423,3.3,0
1988-07-01,7378.1,534.5,6.75,61.84,57.67,-0.829,0.24,-1.318,2.88,0
1988-08-01,7408.5,563.5,7.07,62.21,57.81,0.313,0.41,-1.037,3.62,0
1988-09-01,7451.2,555.2,6.93,62.38,58.06,-0.134,0.58,-0.821,4.39,0
1988-10-01,7466.4,546.3,6.82,62.32,58.07,-0.117,0.2,-1.268,4.18,0
1988-11-01,7487.7,530.2,6.61,62.25,58.14,-0.205,0.28,-1.319,4.62,0
1988-12-01,7521.5,551.7,6.83,62.57,58.3,0.221,0.45,-0.896,3.96,0
1989-01-01,7554.9,551.7,6.81,62.74,58.47,-0.028,0.44,-0.825,3.54,0
1989-02-01,7605.3,540.6,6.64,62.94,58.77,-0.169,0.67,-0.779,4.44,0
1989-03-01,7624.1,516.4,6.34,62.81,58.82,-0.293,0.25,-1.159,4.02,0
1989-04-01,7655.7,506.0,6.2,62.88,58.98,-0.144,0.41,-1.713,4.02,0
1989-05-01,7711.2,516.7,6.28,63.3,59.32,0.08,0.72,-1.172,5.01,0
1989-06-01,7710.7,493.1,6.01,63.02,59.23,-0.269,-0.01,-1.573,4.76,0
1989-07-01,7735.5,497.4,6.04,63.15,59.34,0.031,0.32,-0.713,4.84,0
1989-08-01,7774.7,491.3,5.94,63.32,59.55,-0.098,0.51,-1.124,4.94,0
1989-09-01,7783.6,499.5,6.03,63.36,59.54,0.087,0.11,-0.903,4.46,0
1989-10-01,7792.0,490.7,5.92,63.26,59.51,-0.107,0.11,-0.894,4.36,0
1989-11-01,7844.6,481.8,5.79,63.5,59.82,-0.138,0.68,-0.826,4.77,0
1989-12-01,7829.9,486.4,5.85,63.32,59.62,0.062,-0.19,-0.984,4.1,0
1990-01-01,7842.0,510.4,6.11,63.51,59.63,0.262,0.15,-0.695,3.8,0
1990-02-01,7846.6,535.7,6.39,63.65,59.58,0.28,0.06,-0.246,3.17,0
1990-03-01,7861.5,518.5,6.19,63.54,59.61,-0.203,0.19,-0.156,3.11,0
1990-04-01,7866.1,527.0,6.28,63.56,59.57,0.091,0.06,0.079,2.75,0
1990-05-01,7899.4,549.5,6.5,63.9,59.75,0.225,0.42,0.225,2.44,0
1990-06-01,7900.2,558.9,6.61,63.89,59.67,0.103,0.01,0.597,2.46,0
1990-07-01,7898.1,603.4,7.1,64.14,59.59,0.491,-0.03,1.057,2.1,0
1990-08-01,7869.2,611.6,7.21,63.91,59.3,0.113,-0.37,1.268,1.22,0
1990-09-01,7844.1,624.5,7.37,63.74,59.04,0.163,-0.32,1.343,0.78,0
1990-10-01,7829.7,647.4,7.64,63.72,58.86,0.263,-0.18,1.713,0.48,0
1990-11-01,7809.9,674.1,7.95,63.69,58.63,0.309,-0.25,2.159,-0.44,0
1990-12-01,7813.1,681.3,8.02,63.68,58.58,0.075,0.04,2.172,-0.22,0
1991-01-01,7744.2,710.2,8.4,63.31,57.99,0.38,-0.88,2.29,-1.25,0
1991-02-01,7758.1,731.4,8.62,63.5,58.03,0.216,0.18,2.225,-1.13,0
1991-03-01,7701.7,779.0,9.19,63.37,57.55,0.569,-0.73,2.998,-2.03,0
1991-04-01,7695.9,841.9,9.86,63.72,57.44,0.676,-0.07,3.582,-2.16,0
1991-05-01,7693.9,807.9,9.5,63.38,57.36,-0.358,-0.03,2.998,-2.6,0
1991-06-01,7658.7,809.3,9.56,63.06,57.03,0.055,-0.46,2.95,-3.06,0
1991-07-01,7630.4,817.3,9.68,62.83,56.75,0.118,-0.37,2.577,-3.39,0
1991-08-01,7635.7,828.7,9.79,62.88,56.73,0.115,0.07,2.579,-2.97,0
1991-09-01,7645.2,852.6,10.03,63.06,56.73,0.242,0.12,2.659,-2.54,0
1991-10-01,7616.2,845.1,9.99,62.73,56.47,-0.045,-0.38,2.35,-2.73,0
1991-11-01,7597.1,862.7,10.2,62.66,56.27,0.211,-0.25,2.252,-2.72,0
1991-12-01,7617.0,891.3,10.48,62.97,56.37,0.278,0.26,2.455,-2.51,0
1992-01-01,7630.8,881.0,10.35,62.91,56.4,-0.126,0.18,1.95,-1.46,0
1992-02-01,7650.2,888.4,10.4,63.02,56.46,0.054,0.25,1.788,-1.39,0
1992-03-01,7631.1,895.1,10.5,62.85,56.25,0.094,-0.25,1.313,-0.92,0
1992-04-01,7624.5,891.8,10.47,62.72,56.16,-0.027,-0.09,0.61,-0.93,0
1992-05-01,7620.9,905.4,10.62,62.75,56.09,0.148,-0.05,1.117,-0.95,0
1992-06-01,7633.6,925.1,10.81,62.94,56.14,0.19,0.17,1.252,-0.33,0
1992-07-01,7651.2,959.2,11.14,63.26,56.21,0.331,0.23,1.465,0.27,0
1992-08-01,7671.1,921.3,10.72,63.07,56.31,-0.418,0.26,0.932,0.46,0
1992-09-01,7635.1,906.9,10.62,62.65,55.99,-0.105,-0.47,0.584,-0.13,0
1992-10-01,7644.4,953.7,11.09,63.01,56.02,0.474,0.12,1.104,0.37,0
1992-11-01,7569.3,948.6,11.14,62.37,55.43,0.045,-0.98,0.939,-0.37,0
1992-12-01,7599.7,960.5,11.22,62.63,55.61,0.083,0.4,0.744,-0.23,0
1993-01-01,7650.8,929.6,10.83,62.71,55.91,-0.386,0.67,0.485,0.26,0
1993-02-01,7582.0,938.4,11.01,62.2,55.35,0.179,-0.9,0.61,-0.89,0
1993-03-01,7631.5,929.7,10.86,62.42,55.64,-0.155,0.65,0.361,0.0,0
1993-04-01,7612.3,918.5,10.77,62.16,55.47,-0.093,-0.25,0.295,-0.16,0
1993-05-01,7613.2,920.5,10.79,62.14,55.44,0.021,0.01,0.168,-0.1,0
1993-06-01,7626.2,941.7,10.99,62.35,55.5,0.204,0.17,0.182,-0.1,0
1993-07-01,7628.1,937.8,10.95,62.28,55.46,-0.043,0.03,-0.192,-0.3,0
1993-08-01,7651.7,944.1,10.98,62.44,55.58,0.035,0.31,0.261,-0.25,0
1993-09-01,7670.3,923.1,10.74,62.36,55.66,-0.241,0.24,0.125,0.46,0
1993-10-01,7719.2,949.9,10.96,62.86,55.97,0.216,0.64,-0.134,0.98,0
1993-11-01,7729.7,950.4,10.95,62.89,56.0,-0.008,0.14,-0.187,2.12,0
1993-12-01,7745.5,933.8,10.76,62.84,56.07,-0.191,0.2,-0.461,1.92,0
1994-01-01,7766.2,917.7,10.57,62.79,56.16,-0.191,0.27,-0.267,1.51,0
1994-02-01,7789.7,904.0,10.4,62.79,56.26,-0.169,0.3,-0.615,2.74,0
1994-03-01,7808.8,901.9,10.35,62.84,56.33,-0.045,0.25,-0.505,2.32,0
1994-04-01,7811.7,874.1,10.06,62.61,56.31,-0.291,0.04,-0.703,2.62,0
1994-05-01,7853.3,850.1,9.77,62.69,56.57,-0.296,0.53,-1.02,3.15,0
1994-06-01,7875.4,857.4,9.82,62.86,56.69,0.051,0.28,-1.173,3.27,0
1994-07-01,7948.3,847.3,9.63,63.24,57.15,-0.184,0.93,-1.314,4.2,0
1994-08-01,7932.6,827.4,9.44,62.92,56.97,-0.189,-0.2,-1.538,3.67,0
1994-09-01,7981.4,823.7,9.35,63.17,57.26,-0.09,0.61,-1.388,4.06,0
1994-10-01,7978.4,798.0,9.09,62.92,57.2,-0.262,-0.04,-1.865,3.36,0
1994-11-01,7990.1,804.1,9.14,63.0,57.24,0.051,0.15,-1.806,3.37,0
1994-12-01,8034.2,788.5,8.94,63.16,57.51,-0.207,0.55,-1.822,3.73,0
1995-01-01,8050.3,782.1,8.86,63.14,57.55,-0.082,0.2,-1.713,3.66,0
1995-02-01,8098.9,783.8,8.82,63.42,57.83,-0.032,0.6,-1.575,3.97,0
1995-03-01,8102.3,764.0,8.62,63.22,57.78,-0.206,0.04,-1.737,3.76,0
1995-04-01,8160.0,735.4,8.27,63.36,58.12,-0.35,0.71,-1.796,4.46,0
1995-05-01,8166.1,756.2,8.47,63.48,58.1,0.207,0.07,-1.292,3.98,0
1995-06-01,8201.1,747.4,8.35,63.6,58.29,-0.122,0.43,-1.466,4.13,0
1995-07-01,8207.7,755.4,8.43,63.63,58.26,0.076,0.08,-1.205,3.26,0
1995-08-01,8236.8,747.5,8.32,63.7,58.4,-0.108,0.35,-1.125,3.83,0
1995-09-01,8224.4,750.6,8.36,63.56,58.25,0.043,-0.15,-0.991,3.05,0
1995-10-01,8214.2,770.4,8.58,63.55,58.1,0.212,-0.12,-0.518,2.96,0
1995-11-01,8288.1,765.2,8.45,63.96,58.55,-0.123,0.9,-0.691,3.73,0
1995-12-01,8289.5,735.1,8.15,63.68,58.49,-0.307,0.02,-0.792,3.18,0
1996-01-01,8291.5,765.5,8.45,63.83,58.43,0.307,0.02,-0.404,3.0,0
1996-02-01,8292.8,753.3,8.33,63.67,58.37,-0.125,0.02,-0.496,2.39,0
1996-03-01,8266.3,760.1,8.42,63.45,58.11,0.094,-0.32,-0.196,2.02,0
1996-04-01,8296.2,778.5,8.58,63.72,58.26,0.157,0.36,0.311,1.67,0
1996-05-01,8301.5,762.7,8.41,63.58,58.23,-0.164,0.06,-0.06,1.66,0
1996-06-01,8305.3,747.2,8.25,63.43,58.2,-0.16,0.05,-0.098,1.27,0
1996-07-01,8307.4,778.5,8.57,63.59,58.14,0.314,0.03,0.141,1.22,0
1996-08-01,8302.6,793.4,8.72,63.59,58.04,0.154,-0.06,0.402,0.8,0
1996-09-01,8295.7,778.2,8.58,63.36,57.93,-0.146,-0.08,0.214,0.87,0
1996-10-01,8301.8,797.0,8.76,63.47,57.91,0.183,0.07,0.184,1.07,0
1996-11-01,8300.7,768.2,8.47,63.2,57.84,-0.288,-0.01,0.019,0.15,0
1996-12-01,8324.3,786.3,8.63,63.42,57.95,0.16,0.28,0.486,0.42,0
1997-01-01,8333.3,780.9,8.57,63.36,57.93,-0.063,0.11,0.117,0.5,0
1997-02-01,8334.9,794.5,8.7,63.38,57.87,0.135,0.02,0.376,0.51,0
1997-03-01,8338.0,783.8,8.59,63.25,57.81,-0.111,0.04,0.171,0.87,0
1997-04-01,8330.9,780.7,8.57,63.13,57.72,-0.024,-0.09,-0.01,0.42,0
1997-05-01,8334.9,779.0,8.55,63.1,57.7,-0.021,0.05,0.133,0.4,0
1997-06-01,8336.2,757.6,8.33,62.91,57.67,-0.217,0.02,0.077,0.37,0
1997-07-01,8347.0,784.4,8.59,63.11,57.69,0.259,0.13,0.021,0.48,0
1997-08-01,8333.6,770.7,8.47,62.86,57.54,-0.125,-0.16,-0.257,0.37,0
1997-09-01,8395.9,736.8,8.07,62.99,57.91,-0.397,0.75,-0.509,1.21,0
1997-10-01,8388.9,732.8,8.03,62.86,57.81,-0.035,-0.08,-0.726,1.05,0
1997-11-01,8447.3,733.3,7.99,63.21,58.16,-0.046,0.7,-0.484,1.77,0
1997-12-01,8432.8,724.4,7.91,62.99,58.0,-0.077,-0.17,-0.72,1.3,0
1998-01-01,8439.1,720.5,7.87,62.92,57.97,-0.045,0.07,-0.702,1.27,0
1998-02-01,8453.2,712.4,7.77,62.87,57.98,-0.093,0.17,-0.93,1.42,0
1998-03-01,8456.3,723.7,7.88,62.88,57.92,0.111,0.04,-0.709,1.42,0
1998-04-01,8488.7,698.6,7.6,62.88,58.1,-0.28,0.38,-0.965,1.89,0
1998-05-01,8486.7,714.5,7.77,62.92,58.04,0.161,-0.02,-0.783,1.82,0
1998-06-01,8506.6,722.9,7.83,63.07,58.13,0.067,0.24,-0.499,2.04,0
1998-07-01,8518.9,738.3,7.98,63.19,58.15,0.143,0.14,-0.615,2.06,0
1998-08-01,8531.2,717.3,7.76,63.07,58.18,-0.219,0.14,-0.71,2.37,0
1998-09-01,8575.0,708.7,7.63,63.24,58.41,-0.122,0.51,-0.434,2.13,0
1998-10-01,8585.5,677.5,7.31,63.03,58.42,-0.32,0.12,-0.719,2.34,0
1998-11-01,8564.7,707.1,7.63,63.03,58.22,0.313,-0.24,-0.361,1.39,0
1998-12-01,8586.0,664.6,7.18,62.82,58.3,-0.442,0.25,-0.727,1.82,0
1999-01-01,8586.5,658.1,7.12,62.69,58.23,-0.065,0.01,-0.747,1.75,0
1999-02-01,8594.2,658.4,7.12,62.66,58.2,-0.004,0.09,-0.657,1.67,0
1999-03-01,8621.0,650.2,7.01,62.7,58.3,-0.103,0.31,-0.871,1.95,0
1999-04-01,8622.8,647.0,6.98,62.63,58.26,-0.033,0.02,-0.624,1.58,0
1999-05-01,8610.7,650.6,7.03,62.52,58.13,0.046,-0.14,-0.74,1.46,0
1999-06-01,8662.0,617.4,6.65,62.59,58.42,-0.372,0.59,-1.179,1.83,0
1999-07-01,8680.0,620.9,6.68,62.66,58.48,0.022,0.21,-1.299,1.89,0
1999-08-01,8688.1,644.5,6.91,62.8,58.47,0.23,0.09,-0.85,1.84,0
1999-09-01,8701.6,659.1,7.04,62.92,58.49,0.136,0.16,-0.593,1.48,0
1999-10-01,8741.5,635.4,6.78,62.96,58.7,-0.265,0.46,-0.537,1.82,0
1999-11-01,8751.4,602.4,6.44,62.74,58.7,-0.336,0.11,-1.186,2.18,0
1999-12-01,8785.8,629.4,6.68,63.08,58.86,0.244,0.39,-0.499,2.33,0
2000-01-01,8739.8,634.3,6.77,62.71,58.47,0.082,-0.52,-0.352,1.78,0
2000-02-01,8789.0,623.0,6.62,62.87,58.71,-0.148,0.56,-0.496,2.27,0
2000-03-01,8837.1,620.9,6.57,63.09,58.95,-0.054,0.55,-0.448,2.51,0
2000-04-01,8874.0,604.4,6.38,63.17,59.14,-0.189,0.42,-0.603,2.91,0
2000-05-01,8869.9,608.0,6.41,63.1,59.06,0.038,-0.05,-0.611,3.01,0
2000-06-01,8910.2,580.3,6.12,63.13,59.27,-0.3,0.45,-0.538,2.87,0
2000-07-01,8992.0,569.3,5.95,63.53,59.75,-0.161,0.92,-0.721,3.59,0
2000-08-01,8989.0,579.0,6.05,63.5,59.66,0.097,-0.03,-0.854,3.46,0
2000-09-01,8985.6,569.8,5.96,63.35,59.57,-0.088,-0.04,-1.078,3.26,0
2000-10-01,8960.5,573.0,6.01,63.13,59.33,0.047,-0.28,-0.767,2.5,0
2000-11-01,8902.9,594.8,6.26,62.82,58.88,0.252,-0.64,-0.178,1.73,0
2000-12-01,8944.4,595.7,6.24,63.03,59.09,-0.018,0.47,-0.441,1.81,0
2001-01-01,8957.9,585.8,6.14,62.94,59.08,-0.106,0.15,-0.629,2.5,0
2001-02-01,8954.1,622.7,6.5,63.05,58.95,0.364,-0.04,-0.117,1.88,0
2001-03-01,8964.0,619.0,6.46,62.98,58.91,-0.043,0.11,-0.106,1.44,0
2001-04-01,9014.9,655.9,6.78,63.49,59.19,0.324,0.57,0.406,1.59,0
2001-05-01,9007.9,666.9,6.89,63.45,59.08,0.111,-0.08,0.479,1.56,0
2001-06-01,9004.8,670.8,6.93,63.4,59.0,0.04,-0.03,0.818,1.06,0
2001-07-01,9024.5,666.8,6.88,63.42,59.06,-0.053,0.22,0.926,0.36,0
2001-08-01,9047.0,668.5,6.88,63.51,59.14,0.001,0.25,0.83,0.64,0
2001-09-01,9026.6,663.0,6.84,63.27,58.94,-0.039,-0.23,0.879,0.46,0
2001-10-01,9046.0,701.2,7.19,63.57,58.99,0.352,0.21,1.184,0.95,0
2001-11-01,9078.7,671.1,6.88,63.5,59.13,-0.311,0.36,0.621,1.97,0
2001-12-01,9065.0,667.8,6.86,63.31,58.97,-0.022,-0.15,0.617,1.35,0
2002-01-01,9083.2,674.8,6.92,63.39,59.0,0.054,0.2,0.778,1.4,0
2002-02-01,9126.9,638.3,6.54,63.34,59.2,-0.379,0.48,0.034,1.93,0
2002-03-01,9132.4,627.6,6.43,63.22,59.16,-0.106,0.06,-0.028,1.88,0
2002-04-01,9119.6,617.9,6.35,63.02,59.02,-0.085,-0.14,-0.437,1.16,0
2002-05-01,9135.0,621.8,6.37,63.09,59.07,0.027,0.17,-0.52,1.41,0
2002-06-01,9161.1,636.4,6.5,63.29,59.18,0.123,0.29,-0.437,1.74,0
2002-07-01,9167.1,603.8,6.18,63.05,59.16,-0.316,0.06,-0.7,1.58,0
2002-08-01,9224.2,625.4,6.35,63.49,59.46,0.169,0.62,-0.532,1.96,0
2002-09-01,9225.6,621.6,6.31,63.41,59.41,-0.037,0.02,-0.53,2.21,0
2002-10-01,9234.7,602.9,6.13,63.27,59.39,-0.184,0.1,-1.065,2.09,0
2002-11-01,9283.7,609.7,6.16,63.55,59.64,0.034,0.53,-0.72,2.26,0
2002-12-01,9327.6,614.7,6.18,63.79,59.85,0.02,0.47,-0.679,2.9,0
2003-01-01,9378.7,607.4,6.08,63.98,60.09,-0.1,0.55,-0.833,3.25,0
2003-02-01,9406.0,595.6,5.95,63.98,60.17,-0.127,0.29,-0.582,3.06,0
2003-03-01,9359.9,611.4,6.13,63.69,59.78,0.176,-0.49,-0.299,2.49,0
2003-04-01,9358.0,600.5,6.03,63.55,59.72,-0.102,-0.02,-0.316,2.61,0
2003-05-01,9375.4,605.8,6.07,63.63,59.77,0.04,0.19,-0.303,2.63,0
2003-06-01,9352.2,602.7,6.05,63.41,59.57,-0.014,-0.25,-0.441,2.09,0
2003-07-01,9343.2,609.9,6.13,63.33,59.45,0.073,-0.1,-0.052,1.92,0
2003-08-01,9400.3,580.7,5.82,63.44,59.75,-0.31,0.61,-0.531,1.91,0
2003-09-01,9408.3,576.7,5.78,63.4,59.74,-0.042,0.08,-0.537,1.98,0
2003-10-01,9432.1,579.0,5.78,63.49,59.82,0.008,0.25,-0.345,2.14,0
2003-11-01,9428.1,565.8,5.66,63.31,59.73,-0.122,-0.04,-0.501,1.55,0
2003-12-01,9460.1,569.8,5.68,63.47,59.86,0.02,0.34,-0.501,1.42,0
2004-01-01,9460.5,554.0,5.53,63.28,59.78,-0.15,0.0,-0.551,0.87,0
2004-02-01,9465.5,566.1,5.64,63.3,59.73,0.112,0.05,-0.312,0.63,0
2004-03-01,9499.1,546.2,5.44,63.3,59.86,-0.206,0.35,-0.694,1.49,0
2004-04-01,9508.9,554.2,5.51,63.36,59.88,0.07,0.1,-0.522,1.61,0
2004-05-01,9524.5,537.0,5.34,63.3,59.92,-0.17,0.16,-0.732,1.59,0
2004-06-01,9529.6,550.7,5.46,63.37,59.91,0.126,0.05,-0.591,1.9,0
2004-07-01,9537.9,560.5,5.55,63.41,59.89,0.087,0.09,-0.577,2.08,0
2004-08-01,9535.2,556.8,5.52,63.3,59.81,-0.034,-0.03,-0.301,1.43,0
2004-09-01,9591.4,544.4,5.37,63.5,60.09,-0.146,0.59,-0.405,1.95,0
2004-10-01,9645.6,520.8,5.12,63.62,60.36,-0.248,0.57,-0.661,2.26,0
2004-11-01,9683.6,527.0,5.16,63.82,60.52,0.038,0.39,-0.501,2.71,0
2004-12-01,9692.5,517.5,5.07,63.74,60.51,-0.093,0.09,-0.613,2.46,0
2005-01-01,9745.2,520.8,5.07,63.99,60.74,0.005,0.54,-0.458,3.01,0
2005-02-01,9775.0,523.6,5.08,64.09,60.83,0.011,0.31,-0.559,3.27,0
2005-03-01,9816.4,534.4,5.16,64.31,60.99,0.079,0.42,-0.275,3.34,0
2005-04-01,9855.3,532.0,5.12,64.47,61.17,-0.041,0.4,-0.385,3.64,0
2005-05-01,9839.0,528.7,5.1,64.29,61.01,-0.022,-0.17,-0.237,3.3,0
2005-06-01,9885.5,514.8,4.95,64.43,61.24,-0.149,0.47,-0.513,3.73,0
2005-07-01,9900.2,518.0,4.97,64.46,61.26,0.022,0.15,-0.579,3.8,0
2005-08-01,9944.4,512.5,4.9,64.62,61.45,-0.071,0.45,-0.616,4.29,0
2005-09-01,9928.2,522.8,5.0,64.5,61.27,0.101,-0.16,-0.368,3.51,0
2005-10-01,9932.8,524.5,5.02,64.45,61.22,0.014,0.05,-0.107,2.98,0
2005-11-01,9942.1,516.5,4.94,64.38,61.2,-0.078,0.09,-0.223,2.67,0
2005-12-01,9957.4,531.8,5.07,64.48,61.21,0.132,0.15,0.001,2.73,0
2006-01-01,9958.1,542.0,5.16,64.44,61.11,0.092,0.01,0.089,2.18,0
2006-02-01,9993.0,537.4,5.1,64.52,61.23,-0.059,0.35,0.019,2.23,0
2006-03-01,10034.3,513.4,4.87,64.52,61.38,-0.236,0.41,-0.296,2.22,0
2006-04-01,10041.6,524.7,4.97,64.57,61.36,0.098,0.07,-0.156,1.89,0
2006-05-01,10069.2,507.5,4.8,64.57,61.47,-0.167,0.27,-0.301,2.34,0
2006-06-01,10109.2,510.6,4.81,64.77,61.65,0.01,0.4,-0.142,2.26,0
2006-07-01,10161.0,496.3,4.66,64.89,61.87,-0.151,0.51,-0.315,2.63,0
2006-08-01,10179.4,503.4,4.71,64.94,61.88,0.055,0.18,-0.189,2.36,0
2006-09-01,10223.2,500.4,4.67,65.09,62.05,-0.046,0.43,-0.336,2.97,0
2006-10-01,10195.7,476.3,4.46,64.67,61.79,-0.203,-0.27,-0.553,2.65,0
2006-11-01,10229.7,483.7,4.52,64.82,61.9,0.052,0.33,-0.423,2.89,0
2006-12-01,10282.3,492.2,4.57,65.09,62.12,0.053,0.51,-0.502,3.26,0
2007-01-01,10279.9,490.4,4.55,64.93,61.98,-0.015,-0.02,-0.609,3.23,0
2007-02-01,10308.1,500.9,4.63,65.03,62.02,0.081,0.27,-0.469,3.15,0
2007-03-01,10337.0,482.5,4.46,64.97,62.07,-0.175,0.28,-0.407,3.02,0
2007-04-01,10366.2,475.5,4.39,65.0,62.15,-0.074,0.28,-0.58,3.23,0
2007-05-01,10401.7,463.3,4.26,65.05,62.27,-0.122,0.34,-0.534,3.3,0
2007-06-01,10424.2,471.1,4.32,65.13,62.32,0.06,0.22,-0.484,3.12,0
2007-07-01,10446.8,464.1,4.25,65.12,62.35,-0.071,0.22,-0.404,2.81,0
2007-08-01,10484.6,471.0,4.3,65.28,62.48,0.046,0.36,-0.413,3.0,0
2007-09-01,10513.7,462.5,4.21,65.3,62.55,-0.086,0.28,-0.453,2.84,0
2007-10-01,10504.1,475.0,4.33,65.21,62.39,0.113,-0.09,-0.137,3.03,0
2007-11-01,10561.5,489.2,4.43,65.53,62.63,0.101,0.55,-0.088,3.24,0
2007-12-01,10582.2,476.4,4.31,65.47,62.65,-0.118,0.2,-0.26,2.92,0
2008-01-01,10609.2,467.7,4.22,65.43,62.67,-0.086,0.26,-0.331,3.2,0
2008-02-01,10649.3,441.3,3.98,65.36,62.76,-0.243,0.38,-0.655,3.31,0
2008-03-01,10669.9,451.2,4.06,65.39,62.74,0.078,0.19,-0.403,3.22,0
2008-04-01,10708.6,477.1,4.27,65.66,62.86,0.208,0.36,-0.12,3.3,0
2008-05-01,10680.1,476.0,4.27,65.37,62.58,0.001,-0.27,0.002,2.68,0
2008-06-01,10733.3,475.7,4.24,65.57,62.79,-0.023,0.5,-0.081,2.97,0
2008-07-01,10751.3,477.3,4.25,65.56,62.77,0.007,0.17,-0.003,2.91,0
2008-08-01,10793.5,451.5,4.02,65.53,62.9,-0.235,0.39,-0.284,2.95,0
2008-09-01,10777.8,483.0,4.29,65.49,62.68,0.274,-0.15,0.076,2.51,0
2008-10-01,10787.5,483.5,4.29,65.43,62.62,0.001,0.09,-0.036,2.7,0
2008-11-01,10780.9,503.6,4.46,65.39,62.47,0.173,-0.06,0.036,2.08,0
2008-12-01,10789.1,516.7,4.57,65.39,62.41,0.107,0.08,0.262,1.96,0
2009-01-01,10790.9,557.0,4.91,65.5,62.28,0.338,0.02,0.686,1.71,0
2009-02-01,10805.0,605.0,5.3,65.72,62.23,0.394,0.13,1.324,1.46,0
2009-03-01,10770.7,652.4,5.71,65.66,61.91,0.409,-0.32,1.654,0.94,0
2009-04-01,10794.4,629.9,5.51,65.57,61.95,-0.198,0.22,1.248,0.8,0
2009-05-01,10772.7,664.8,5.81,65.55,61.74,0.299,-0.2,1.546,0.87,0
2009-06-01,10755.2,669.7,5.86,65.38,61.55,0.049,-0.16,1.618,0.2,0
2009-07-01,10799.3,649.5,5.67,65.41,61.7,-0.189,0.41,1.422,0.45,0
2009-08-01,10789.4,654.0,5.71,65.27,61.54,0.042,-0.09,1.699,-0.04,0
2009-09-01,10810.1,648.8,5.66,65.26,61.56,-0.053,0.19,1.373,0.3,0
2009-10-01,10820.6,644.8,5.62,65.21,61.54,-0.038,0.1,1.334,0.31,0
2009-11-01,10850.7,638.6,5.56,65.26,61.64,-0.065,0.28,1.096,0.65,0
2009-12-01,10887.4,632.6,5.49,65.36,61.77,-0.067,0.34,0.921,0.91,0
2010-01-01,10937.1,608.0,5.27,65.39,61.95,-0.225,0.46,0.358,1.35,0
2010-02-01,10920.8,611.0,5.3,65.21,61.75,0.032,-0.15,-0.004,1.07,0
2010-03-01,10925.7,626.4,5.42,65.21,61.68,0.124,0.04,-0.289,1.44,0
2010-04-01,10937.5,636.4,5.5,65.27,61.68,0.076,0.11,-0.014,1.33,0
2010-05-01,10938.9,603.6,5.23,65.02,61.62,-0.269,0.01,-0.582,1.54,0
2010-06-01,10992.8,596.2,5.14,65.21,61.85,-0.086,0.49,-0.717,2.21,0
2010-07-01,11019.0,615.2,5.29,65.38,61.93,0.144,0.24,-0.385,2.03,0
2010-08-01,11060.9,586.1,5.03,65.38,62.09,-0.256,0.38,-0.683,2.52,0
2010-09-01,11087.3,590.2,5.05,65.47,62.16,0.022,0.24,-0.608,2.56,0
2010-10-01,11104.5,619.6,5.28,65.66,62.19,0.231,0.15,-0.339,2.62,0
2010-11-01,11163.1,601.1,5.11,65.8,62.44,-0.176,0.53,-0.449,2.88,0
2010-12-01,11169.3,572.6,4.88,65.6,62.4,-0.232,0.06,-0.614,2.59,0
2011-01-01,11202.0,590.0,5.0,65.78,62.49,0.127,0.29,-0.263,2.42,0
2011-02-01,11176.3,584.7,4.97,65.51,62.25,-0.032,-0.23,-0.326,2.34,0
2011-03-01,11215.1,581.1,4.93,65.6,62.37,-0.045,0.35,-0.496,2.65,0
2011-04-01,11182.5,583.6,4.96,65.36,62.12,0.033,-0.29,-0.539,2.24,0
2011-05-01,11172.7,589.7,5.01,65.26,61.99,0.054,-0.09,-0.216,2.14,0
2011-06-01,11205.7,579.4,4.92,65.31,62.1,-0.097,0.29,-0.228,1.94,0
2011-07-01,11209.7,601.5,5.09,65.37,62.04,0.176,0.04,-0.195,1.73,0
2011-08-01,11218.7,624.1,5.27,65.47,62.02,0.177,0.08,0.238,1.43,0
2011-09-01,11246.0,619.6,5.22,65.51,62.09,-0.048,0.24,0.167,1.43,0
2011-10-01,11249.3,615.5,5.19,65.41,62.01,-0.034,0.03,-0.097,1.3,0
2011-11-01,11252.8,621.1,5.23,65.36,61.94,0.043,0.03,0.122,0.8,0
2011-12-01,11231.8,615.7,5.2,65.11,61.73,-0.034,-0.19,0.32,0.56,0
2012-01-01,11308.7,601.2,5.05,65.34,62.04,-0.149,0.68,0.045,0.95,0
2012-02-01,11272.0,617.2,5.19,65.11,61.73,0.144,-0.32,0.22,0.86,0
2012-03-01,11333.4,619.5,5.18,65.34,61.96,-0.008,0.55,0.257,1.05,0
2012-04-01,11322.0,595.3,4.99,65.06,61.81,-0.188,-0.1,0.035,1.25,0
2012-05-01,11364.1,623.4,5.2,65.35,61.95,0.206,0.37,0.187,1.71,0
2012-06-01,11338.6,617.2,5.16,65.08,61.72,-0.038,-0.22,0.246,1.19,0
2012-07-01,11348.6,620.3,5.18,65.06,61.69,0.02,0.09,0.089,1.24,0
2012-08-01,11360.8,617.7,5.16,65.02,61.66,-0.025,0.11,-0.113,1.27,0
2012-09-01,11390.0,661.4,5.49,65.32,61.73,0.331,0.26,0.267,1.28,0
2012-10-01,11391.0,651.6,5.41,65.18,61.65,-0.078,0.01,0.223,1.26,0
2012-11-01,11385.1,631.7,5.26,64.95,61.54,-0.154,-0.05,0.026,1.18,0
2012-12-01,11396.8,654.7,5.43,65.05,61.52,0.176,0.1,0.236,1.47,0
2013-01-01,11470.1,653.4,5.39,65.33,61.81,-0.043,0.64,0.342,1.43,0
2013-02-01,11468.7,653.9,5.39,65.22,61.7,0.005,-0.01,0.203,1.75,0
2013-03-01,11435.1,683.5,5.64,65.09,61.42,0.246,-0.29,0.457,0.9,0
2013-04-01,11467.3,678.9,5.59,65.15,61.51,-0.051,0.28,0.594,1.28,0
2013-05-01,11457.6,680.9,5.61,65.02,61.38,0.021,-0.08,0.409,0.82,0
2013-06-01,11470.2,692.7,5.69,65.07,61.36,0.085,0.11,0.532,1.16,0
2013-07-01,11457.3,684.3,5.64,64.87,61.21,-0.059,-0.11,0.453,0.96,0
2013-08-01,11459.6,711.2,5.84,64.94,61.14,0.208,0.02,0.687,0.87,0
2013-09-01,11474.1,694.4,5.71,64.84,61.14,-0.137,0.13,0.218,0.74,0
2013-10-01,11470.6,709.2,5.82,64.83,61.06,0.117,-0.03,0.413,0.7,0
2013-11-01,11449.3,704.5,5.8,64.63,60.88,-0.027,-0.19,0.54,0.56,0
2013-12-01,11419.2,716.1,5.9,64.46,60.66,0.104,-0.26,0.468,0.2,0
2014-01-01,11453.3,724.2,5.95,64.58,60.74,0.046,0.3,0.558,-0.15,0
2014-02-01,11478.9,716.7,5.88,64.57,60.77,-0.071,0.22,0.482,0.09,0
2014-03-01,11532.2,719.8,5.88,64.76,60.95,-0.001,0.46,0.235,0.85,0
2014-04-01,11537.9,711.0,5.8,64.68,60.92,-0.071,0.05,0.216,0.62,0
2014-05-01,11512.9,725.7,5.93,64.56,60.73,0.125,-0.22,0.32,0.48,0
2014-06-01,11528.8,742.2,6.05,64.67,60.75,0.118,0.14,0.353,0.51,0
2014-07-01,11545.3,759.4,6.17,64.76,60.77,0.124,0.14,0.536,0.77,0
2014-08-01,11548.8,750.3,6.1,64.65,60.71,-0.071,0.03,0.257,0.78,0
2014-09-01,11547.1,768.1,6.24,64.66,60.63,0.136,-0.01,0.53,0.64,0
2014-10-01,11542.4,783.6,6.36,64.64,60.53,0.121,-0.04,0.534,0.63,0
2014-11-01,11542.1,775.6,6.3,64.53,60.47,-0.06,0.0,0.501,0.81,0
2014-12-01,11598.8,754.3,6.11,64.64,60.7,-0.191,0.49,0.205,1.57,0
2015-01-01,11608.4,787.3,6.35,64.77,60.65,0.246,0.08,0.405,1.35,0
2015-02-01,11673.7,765.4,6.15,64.89,60.9,-0.198,0.56,0.277,1.7,0
2015-03-01,11693.6,760.1,6.1,64.87,60.91,-0.05,0.17,0.228,1.4,0
2015-04-01,11692.2,761.2,6.11,64.8,60.84,0.009,-0.01,0.308,1.34,0
2015-05-01,11733.6,739.8,5.93,64.84,61.0,-0.182,0.35,0.001,1.92,0
2015-06-01,11727.5,749.5,6.01,64.8,60.9,0.076,-0.05,-0.041,1.72,0
2015-07-01,11760.5,787.3,6.27,65.08,61.0,0.267,0.28,0.103,1.86,0
2015-08-01,11764.7,762.6,6.09,64.9,60.95,-0.187,0.04,-0.013,1.87,0
2015-09-01,11783.9,775.5,6.17,64.99,60.97,0.087,0.16,-0.063,2.05,0
2015-10-01,11860.9,745.3,5.91,65.15,61.3,-0.262,0.65,-0.445,2.76,0
2015-11-01,11893.6,739.1,5.85,65.22,61.4,-0.062,0.28,-0.446,3.05,0
2015-12-01,11907.8,725.3,5.74,65.15,61.41,-0.11,0.12,-0.365,2.66,0
2016-01-01,11912.6,765.9,6.04,65.27,61.33,0.3,0.04,-0.31,2.62,0
2016-02-01,11926.3,720.2,5.69,65.0,61.3,-0.347,0.11,-0.459,2.16,0
2016-03-01,11941.8,715.6,5.65,64.94,61.27,-0.041,0.13,-0.45,2.12,0
2016-04-01,11948.2,714.9,5.65,64.9,61.24,-0.008,0.05,-0.467,2.19,0
2016-05-01,11941.8,724.7,5.72,64.84,61.13,0.076,-0.05,-0.209,1.77,0
2016-06-01,11963.0,722.4,5.69,64.87,61.17,-0.026,0.18,-0.312,2.01,0
2016-07-01,11996.0,724.2,5.69,64.95,61.25,-0.001,0.28,-0.581,2.0,0
2016-08-01,11955.9,711.3,5.62,64.58,60.95,-0.078,-0.33,-0.472,1.63,0
2016-09-01,11942.3,717.2,5.67,64.44,60.79,0.05,-0.11,-0.509,1.34,0
2016-10-01,11961.1,709.2,5.6,64.42,60.81,-0.068,0.16,-0.315,0.85,0
2016-11-01,11987.3,733.7,5.77,64.6,60.87,0.17,0.22,-0.083,0.79,0
2016-12-01,12017.8,744.9,5.84,64.73,60.95,0.069,0.25,0.095,0.92,0
2017-01-01,12039.3,725.5,5.68,64.62,60.95,-0.153,0.18,-0.357,1.06,0
2017-02-01,12015.2,752.4,5.89,64.52,60.71,0.209,-0.2,0.199,0.74,0
2017-03-01,12075.7,749.7,5.85,64.69,60.91,-0.048,0.5,0.192,1.12,0
2017-04-01,12133.0,720.9,5.61,64.76,61.13,-0.237,0.47,-0.037,1.55,0
2017-05-01,12164.9,714.4,5.55,64.81,61.22,-0.062,0.26,-0.175,1.87,0
2017-06-01,12197.3,726.6,5.62,64.96,61.31,0.076,0.27,-0.072,1.96,0
2017-07-01,12232.9,726.5,5.61,65.05,61.4,-0.017,0.29,-0.088,1.97,0
2017-08-01,12281.9,718.9,5.53,65.17,61.56,-0.076,0.4,-0.085,2.73,0
2017-09-01,12321.7,712.2,5.46,65.24,61.68,-0.066,0.32,-0.201,3.18,0
2017-10-01,12325.3,704.1,5.4,65.16,61.63,-0.06,0.03,-0.193,3.05,0
2017-11-01,12368.3,713.5,5.45,65.35,61.79,0.05,0.35,-0.313,3.18,0
2017-12-01,12398.1,737.8,5.62,65.56,61.87,0.162,0.24,-0.22,3.16,0
2018-01-01,12437.5,727.2,5.52,65.58,61.96,-0.092,0.32,-0.16,3.31,0
2018-02-01,12421.9,734.3,5.58,65.42,61.77,0.057,-0.13,-0.312,3.38,0
2018-03-01,12442.4,728.4,5.53,65.38,61.76,-0.052,0.17,-0.316,3.04,0
2018-04-01,12460.6,731.4,5.54,65.41,61.78,0.014,0.15,-0.065,2.7,0
2018-05-01,12452.3,715.8,5.44,65.21,61.67,-0.109,-0.07,-0.111,2.36,0
2018-06-01,12522.1,706.6,5.34,65.44,61.94,-0.094,0.56,-0.281,2.66,0
2018-07-01,12522.9,700.1,5.29,65.31,61.85,-0.047,0.01,-0.311,2.37,0
2018-08-01,12585.8,696.5,5.24,65.5,62.07,-0.051,0.5,-0.286,2.47,0
2018-09-01,12601.5,666.0,5.02,65.33,62.05,-0.224,0.13,-0.444,2.27,0
2018-10-01,12624.8,664.8,5.0,65.37,62.1,-0.018,0.18,-0.402,2.43,0
2018-11-01,12644.5,680.8,5.11,65.47,62.12,0.107,0.16,-0.345,2.23,0
2018-12-01,12670.2,669.3,5.02,65.47,62.18,-0.091,0.2,-0.599,2.19,0
2019-01-01,12714.7,676.2,5.05,65.6,62.29,0.032,0.35,-0.475,2.23,0
2019-02-01,12725.2,668.7,4.99,65.51,62.24,-0.057,0.08,-0.589,2.44,0
2019-03-01,12748.9,683.5,5.09,65.58,62.24,0.096,0.19,-0.442,2.46,0
2019-04-01,12785.9,703.9,5.22,65.8,62.36,0.13,0.29,-0.326,2.61,0
2019-05-01,12791.9,701.0,5.2,65.75,62.33,-0.023,0.05,-0.24,2.73,0
2019-06-01,12804.7,710.8,5.26,65.79,62.33,0.063,0.1,-0.083,2.26,0
2019-07-01,12837.3,715.0,5.28,65.88,62.4,0.017,0.25,-0.019,2.51,0
2019-08-01,12882.8,715.0,5.26,66.0,62.53,-0.018,0.35,0.014,2.36,0
2019-09-01,12902.9,711.9,5.23,65.98,62.53,-0.029,0.16,0.209,2.39,0
2019-10-01,12853.7,719.9,5.3,65.7,62.22,0.074,-0.38,0.301,1.81,0
2019-11-01,12874.2,702.3,5.17,65.64,62.24,-0.131,0.16,0.064,1.82,0
2019-12-01,12924.0,685.8,5.04,65.72,62.41,-0.134,0.39,0.021,2.0,0
2020-01-01,12931.1,716.3,5.25,65.8,62.34,0.21,0.05,0.199,1.7,0
2020-02-01,12930.7,696.8,5.11,65.6,62.24,-0.136,0.0,0.12,1.61,0
2020-03-01,12925.7,708.7,5.2,65.53,62.12,0.085,-0.04,0.109,1.39,0
2020-04-01,12347.1,830.2,6.3,63.31,59.32,1.102,-4.48,1.082,-3.43,0
2020-05-01,12051.7,905.7,6.99,62.23,57.88,0.69,-2.39,1.795,-5.79,0
2020-06-01,12279.9,984.4,7.42,63.68,58.96,0.431,1.89,2.162,-4.1,0
2020-07-01,12416.4,997.4,7.44,64.41,59.62,0.014,1.11,2.16,-3.28,0
2020-08-01,12552.0,914.9,6.79,64.67,60.28,-0.642,1.09,1.536,-2.57,0
2020-09-01,12519.7,932.0,6.93,64.61,60.13,0.135,-0.26,1.699,-2.97,0
2020-10-01,12658.0,945.5,6.95,65.33,60.79,0.022,1.1,1.647,-1.52,0
2020-11-01,12741.9,931.4,6.81,65.67,61.19,-0.138,0.66,1.639,-1.03,0
2020-12-01,12797.6,898.3,6.56,65.77,61.45,-0.253,0.44,1.52,-0.98,0
2021-01-01,12841.2,859.9,6.28,65.77,61.65,-0.283,0.34,1.027,-0.7,0
2021-02-01,12893.4,800.7,5.85,65.72,61.88,-0.429,0.41,0.734,-0.29,0
2021-03-01,12953.1,779.0,5.67,65.88,62.15,-0.175,0.46,0.475,0.21,0
2021-04-01,12948.3,748.4,5.46,65.68,62.09,-0.209,-0.04,-0.836,4.87,0
2021-05-01,13038.8,702.4,5.11,65.86,62.5,-0.352,0.7,-1.879,8.19,0
2021-06-01,13059.4,690.3,5.02,65.87,62.57,-0.091,0.16,-2.401,6.35,0
2021-07-01,13085.0,648.7,4.72,65.78,62.67,-0.298,0.2,-2.712,5.38,0
2021-08-01,12952.2,620.8,4.57,64.98,62.01,-0.149,-1.02,-2.22,3.19,0
2021-09-01,12826.9,633.5,4.71,64.43,61.39,0.132,-0.97,-2.222,2.45,0
2021-10-01,12777.8,706.2,5.24,64.47,61.09,0.531,-0.38,-1.713,0.95,0
2021-11-01,13143.7,638.7,4.63,65.83,62.78,-0.603,2.86,-2.178,3.15,0
2021-12-01,13226.7,581.2,4.21,65.88,63.11,-0.425,0.63,-2.35,3.35,0
2022-01-01,13292.1,577.8,4.17,66.04,63.29,-0.043,0.49,-2.11,3.51,0
2022-02-01,13366.6,561.5,4.03,66.18,63.51,-0.135,0.56,-1.816,3.67,0
2022-03-01,13388.5,555.3,3.98,66.11,63.48,-0.049,0.16,-1.69,3.36,0
2022-04-01,13450.5,538.7,3.85,66.22,63.67,-0.132,0.46,-1.613,3.88,0
2022-05-01,13488.8,553.2,3.94,66.37,63.75,0.089,0.29,-1.172,3.45,0
2022-06-01,13583.1,507.5,3.6,66.49,64.09,-0.338,0.7,-1.419,4.01,0
2022-07-01,13593.4,485.4,3.45,66.28,64.0,-0.154,0.08,-1.275,3.89,0
2022-08-01,13665.3,499.7,3.53,66.53,64.19,0.08,0.53,-1.046,5.51,0
2022-09-01,13673.4,511.1,3.6,66.47,64.08,0.075,0.06,-1.103,6.6,0
2022-10-01,13712.4,488.1,3.44,66.39,64.11,-0.166,0.29,-1.8,7.31,0
2022-11-01,13780.9,502.3,3.52,66.63,64.28,0.08,0.5,-1.117,4.85,0
2022-12-01,13778.1,503.5,3.53,66.47,64.12,0.009,-0.02,-0.684,4.17,0
2023-01-01,13801.0,524.4,3.66,66.48,64.04,0.135,0.17,-0.505,3.83,0
2023-02-01,13839.7,518.3,3.61,66.43,64.03,-0.051,0.28,-0.421,3.54,0
2023-03-01,13929.9,519.3,3.59,66.66,64.26,-0.016,0.65,-0.388,4.04,0
2023-04-01,13929.6,535.6,3.7,66.59,64.12,0.109,0.0,-0.148,3.56,0
2023-05-01,14018.8,521.5,3.59,66.79,64.39,-0.116,0.64,-0.353,3.93,0
2023-06-01,14028.7,511.1,3.52,66.64,64.3,-0.071,0.07,-0.087,3.28,0
2023-07-01,14028.0,541.3,3.72,66.61,64.13,0.2,-0.0,0.267,3.2,0
2023-08-01,14100.7,538.8,3.68,66.76,64.3,-0.035,0.52,0.153,3.19,0
2023-09-01,14094.8,520.9,3.56,66.48,64.12,-0.116,-0.04,-0.039,3.08,0
2023-10-01,14150.9,555.9,3.78,66.77,64.25,0.216,0.4,0.343,3.2,0
2023-11-01,14199.9,581.3,3.93,66.99,64.35,0.153,0.35,0.416,3.04,0
2023-12-01,14147.0,587.3,3.99,66.65,63.99,0.053,-0.37,0.46,2.68,0
2024-01-01,14145.6,603.4,4.09,66.57,63.84,0.105,-0.01,0.43,2.5,0
2024-02-01,14252.5,553.6,3.74,66.67,64.18,-0.352,0.76,0.13,2.98,0
2024-03-01,14231.1,577.0,3.9,66.53,63.94,0.157,-0.15,0.302,2.16,0
2024-04-01,14267.3,606.9,4.08,66.75,64.02,0.184,0.25,0.378,2.42,0
2024-05-01,14298.6,595.8,4.0,66.76,64.09,-0.08,0.22,0.413,2.0,0
2024-06-01,14320.8,601.3,4.03,66.8,64.11,0.03,0.16,0.514,2.08,0
2024-07-01,14375.8,630.0,4.2,67.07,64.26,0.169,0.38,0.483,2.48,0
2024-08-01,14408.7,620.4,4.13,67.08,64.31,-0.07,0.23,0.448,2.18,0
2024-09-01,14445.7,605.5,4.02,67.07,64.37,-0.105,0.26,0.459,2.49,0
2024-10-01,14443.9,616.4,4.09,67.02,64.28,0.07,-0.01,0.313,2.07,0
2024-11-01,14463.3,592.8,3.94,66.91,64.28,-0.156,0.13,0.004,1.85,0
2024-12-01,14510.9,604.2,4.0,67.08,64.4,0.06,0.33,0.011,2.57,0
2025-01-01,14544.0,625.8,4.13,67.19,64.42,0.128,0.23,0.034,2.82,0
2025-02-01,14469.2,614.1,4.07,66.68,63.96,-0.054,-0.51,0.332,1.52,0
2025-03-01,14500.3,616.4,4.08,66.69,63.97,0.006,0.21,0.182,1.89,0
2025-04-01,14604.3,617.0,4.05,67.08,64.36,-0.024,0.72,-0.026,2.36,0
2025-05-01,14598.0,623.2,4.09,67.0,64.26,0.04,-0.04,0.094,2.09,0
2025-06-01,14571.3,656.7,4.31,66.95,64.07,0.218,-0.18,0.283,1.75,0
2025-07-01,14611.8,647.9,4.25,66.99,64.14,-0.067,0.28,0.047,1.64,0
2025-08-01,14598.7,647.7,4.25,66.82,63.98,0.002,-0.09,0.12,1.32,0
2025-09-01,14608.7,680.7,4.45,66.91,63.93,0.204,0.07,0.429,1.13,0
2025-10-01,14642.3,663.2,4.33,66.89,64.0,-0.119,0.23,0.24,1.37,0
2025-11-01,14604.2,659.8,4.32,66.63,63.75,-0.01,-0.26,0.386,0.97,0
2025-12-01,14661.9,629.4,4.12,66.67,63.92,-0.206,0.4,0.119,1.04,0
2026-01-01,14698.3,625.2,4.08,66.69,63.97,-0.037,0.25,-0.045,1.06,0
2026-02-01,14721.2,661.7,4.3,66.82,63.95,0.222,0.16,0.23,1.74,0
2026-03-01,14741.6,658.9,4.28,66.78,63.92,-0.023,0.14,0.201,1.66,0
2026-04-01,14703.0,691.3,4.49,66.67,63.68,0.212,-0.26,0.437,0.68,0
2026-05-01,14746.9,674.1,4.37,66.71,63.79,-0.119,0.3,0.277,1.02,0
2026-06-01,14823.3,686.8,4.43,67.01,64.04,0.057,0.52,0.116,1.73,1
